Column1;Column2;Column3;Column4;Column5;Column6;Column7
;;"CROSS PROCESS
LOCATION";;PROCESS LOCATION;;
JET;"ROW +
NOZZLE";pixels;mm;pixels;mm;"SIGNAL & BIT SHIFT
ORDER
1 shifted first / 64
shifted last"
J 001;R1,N001;000;0.0000;0;0.0000;DIN00-53
J 002;R5,N001;001;0.0423;40;1.6933;DIN00-55
J 003;R2,N001;002;0.0847;10;0.4233;DIN00-64
J 004;R4,N001;003;0.1270;30;1.2700;DIN00-63
J 005;R6,N001;004;0.1693;50;2.1167;DIN00-62
J 006;R3,N001;005;0.2117;20;0.8467;DIN00-54
J 007;R7,N001;006;0.2540;60;2.5400;DIN00-56
J 008;R11,N001;007;0.2963;100;4.2333;DIN00-58
J 009;R8,N001;008;0.3387;70;2.9633;DIN00-61
J 010;R10,N001;009;0.3810;90;3.8100;DIN00-60
J 011;R12,N001;010;0.4233;110;4.6567;DIN00-59
J 012;R9,N001;011;0.4657;80;3.3867;DIN00-57
J 013;R1,N002;012;0.5080;0;0.0000;DIN00-41
J 014;R5,N002;013;0.5503;40;1.6933;DIN00-43
J 015;R2,N002;014;0.5927;10;0.4233;DIN00-52
J 016;R4,N002;015;0.6350;30;1.2700;DIN00-51
J 017;R6,N002;016;0.6773;50;2.1167;DIN00-50
J 018;R3,N002;017;0.7197;20;0.8467;DIN00-42
J 019;R7,N002;018;0.7620;60;2.5400;DIN00-44
J 020;R11,N002;019;0.8043;100;4.2333;DIN00-46
J 021;R8,N002;020;0.8467;70;2.9633;DIN00-49
J 022;R10,N002;021;0.8890;90;3.8100;DIN00-48
J 023;R12,N002;022;0.9313;110;4.6567;DIN00-47
J 024;R9,N002;023;0.9737;80;3.3867;DIN00-45
J 025;R1,N003;024;1.0160;0;0.0000;DIN00-29
J 026;R5,N003;025;1.0583;40;1.6933;DIN00-31
J 027;R2,N003;026;1.1007;10;0.4233;DIN00-40
J 028;R4,N003;027;1.1430;30;1.2700;DIN00-39
J 029;R6,N003;028;1.1853;50;2.1167;DIN00-38
J 030;R3,N003;029;1.2277;20;0.8467;DIN00-30
J 031;R7,N003;030;1.2700;60;2.5400;DIN00-32
J 032;R11,N003;031;1.3123;100;4.2333;DIN00-34
J 033;R8,N003;032;1.3547;70;2.9633;DIN00-37
J 034;R10,N003;033;1.3970;90;3.8100;DIN00-36
J 035;R12,N003;034;1.4393;110;4.6567;DIN00-35
J 036;R9,N003;035;1.4817;80;3.3867;DIN00-33
J 037;R1,N004;36;1.524;0;0;DIN00-17
J 038;R5,N004;37;1.5663;40;1.6933;DIN00-19
J 039;R2,N004;38;1.6087;10;0.4233;DIN00-28
J 040;R4,N004;39;1.651;30;1.27;DIN00-27
J 041;R6,N004;40;1.6933;50;2.1167;DIN00-26
J 042;R3,N004;41;1.7357;20;0.8467;DIN00-18
J 043;R7,N004;42;1.778;60;2.54;DIN00-20
J 044;R11,N004;43;1.8203;100;4.2333;DIN00-22
J 045;R8,N004;44;1.8627;70;2.9633;DIN00-25
J 046;R10,N004;45;1.905;90;3.81;DIN00-24
J 047;R12,N004;46;1.9473;110;4.6567;DIN00-23
J 048;R9,N004;47;1.9897;80;3.3867;DIN00-21
J 049;R1,N005;48;2.032;0;0;DIN00-05
J 050;R5,N005;49;2.0743;40;1.6933;DIN00-07
J 051;R2,N005;50;2.1167;10;0.4233;DIN00-16
J 052;R4,N005;51;2.159;30;1.27;DIN00-15
J 053;R6,N005;52;2.2013;50;2.1167;DIN00-14
J 054;R3,N005;53;2.2437;20;0.8467;DIN00-06
J 055;R7,N005;54;2.286;60;2.54;DIN00-08
J 056;R11,N005;55;2.3283;100;4.2333;DIN00-10
J 057;R8,N005;56;2.3707;70;2.9633;DIN00-13
J 058;R10,N005;57;2.413;90;3.81;DIN00-12
J 059;R12,N005;58;2.4553;110;4.6567;DIN00-11
J 060;R9,N005;59;2.4977;80;3.3867;DIN00-09
J 061;R1,N006;60;2.54;0;0;DIN01-57
J 062;R5,N006;61;2.5823;40;1.6933;DIN01-59
J 063;R2,N006;62;2.6247;10;0.4233;DIN00-04
J 064;R4,N006;63;2.667;30;1.27;DIN00-03
J 065;R6,N006;64;2.7093;50;2.1167;DIN00-02
J 066;R3,N006;65;2.7517;20;0.8467;DIN01-58
J 067;R7,N006;66;2.794;60;2.54;DIN01-60
J 068;R11,N006;67;2.8363;100;4.2333;DIN01-62
J 069;R8,N006;68;2.8787;70;2.9633;DIN00-01
J 070;R10,N006;69;2.921;90;3.81;DIN01-64
J 071;R12,N006;70;2.9633;110;4.6567;DIN01-63
J 072;R9,N006;71;3.0057;80;3.3867;DIN01-61
J 073;R1,N007;72;3.048;0;0;DIN01-45
J 074;R5,N007;73;3.0903;40;1.6933;DIN01-47
J 075;R2,N007;74;3.1327;10;0.4233;DIN01-56
J 076;R4,N007;75;3.175;30;1.27;DIN01-55
J 077;R6,N007;76;3.2173;50;2.1167;DIN01-54
J 078;R3,N007;77;3.2597;20;0.8467;DIN01-46
J 079;R7,N007;78;3.302;60;2.54;DIN01-48
J 080;R11,N007;79;3.3443;100;4.2333;DIN01-50
J 081;R8,N007;80;3.3867;70;2.9633;DIN01-53
J 082;R10,N007;81;3.429;90;3.81;DIN01-52
J 083;R12,N007;82;3.4713;110;4.6567;DIN01-51
J 084;R9,N007;83;3.5137;80;3.3867;DIN01-49
J 085;R1,N008;84;3.556;0;0;DIN01-33
J 086;R5,N008;85;3.5983;40;1.6933;DIN01-35
J 087;R2,N008;86;3.6407;10;0.4233;DIN01-44
J 088;R4,N008;87;3.683;30;1.27;DIN01-43
J 089;R6,N008;88;3.7253;50;2.1167;DIN01-42
J 090;R3,N008;89;3.7677;20;0.8467;DIN01-34
J 091;R7,N008;90;3.81;60;2.54;DIN01-36
J 092;R11,N008;91;3.8523;100;4.2333;DIN01-38
J 093;R8,N008;92;3.8947;70;2.9633;DIN01-41
J 094;R10,N008;93;3.937;90;3.81;DIN01-40
J 095;R12,N008;94;3.9793;110;4.6567;DIN01-39
J 096;R9,N008;95;4.0217;80;3.3867;DIN01-37
J 097;R1,N009;96;4.064;0;0;DIN01-21
J 098;R5,N009;97;4.1063;40;1.6933;DIN01-23
J 099;R2,N009;98;4.1487;10;0.4233;DIN01-32
J 100;R4,N009;99;4.191;30;1.27;DIN01-31
J 101;R6,N009;100;4.2333;50;2.1167;DIN01-30
J 102;R3,N009;101;4.2757;20;0.8467;DIN01-22
J 103;R7,N009;102;4.318;60;2.54;DIN01-24
J 104;R11,N009;103;4.3603;100;4.2333;DIN01-26
J 105;R8,N009;104;4.4027;70;2.9633;DIN01-29
J 106;R10,N009;105;4.445;90;3.81;DIN01-28
J 107;R12,N009;106;4.4873;110;4.6567;DIN01-27
J 108;R9,N009;107;4.5297;80;3.3867;DIN01-25
J 109;R1,N010;108;4.572;0;0;DIN01-09
J 110;R5,N010;109;4.6143;40;1.6933;DIN01-11
J 111;R2,N010;110;4.6567;10;0.4233;DIN01-20
J 112;R4,N010;111;4.699;30;1.27;DIN01-19
J 113;R6,N010;112;4.7413;50;2.1167;DIN01-18
J 114;R3,N010;113;4.7837;20;0.8467;DIN01-10
J 115;R7,N010;114;4.826;60;2.54;DIN01-12
J 116;R11,N010;115;4.8683;100;4.2333;DIN01-14
J 117;R8,N010;116;4.9107;70;2.9633;DIN01-17
J 118;R10,N010;117;4.953;90;3.81;DIN01-16
J 119;R12,N010;118;4.9953;110;4.6567;DIN01-15
J 120;R9,N010;119;5.0377;80;3.3867;DIN01-13
J 121;R1,N011;120;5.08;0;0;DIN02-61
J 122;R5,N011;121;5.1223;40;1.6933;DIN02-63
J 123;R2,N011;122;5.1647;10;0.4233;DIN01-08
J 124;R4,N011;123;5.207;30;1.27;DIN01-07
J 125;R6,N011;124;5.2493;50;2.1167;DIN01-06
J 126;R3,N011;125;5.2917;20;0.8467;DIN02-62
J 127;R7,N011;126;5.334;60;2.54;DIN02-64
J 128;R11,N011;127;5.3763;100;4.2333;DIN01-02
J 129;R8,N011;128;5.4187;70;2.9633;DIN01-05
J 130;R10,N011;129;5.461;90;3.81;DIN01-04
J 131;R12,N011;130;5.5033;110;4.6567;DIN01-03
J 132;R9,N011;131;5.5457;80;3.3867;DIN01-01
J 133;R1,N012;132;5.588;0;0;DIN02-49
J 134;R5,N012;133;5.6303;40;1.6933;DIN02-51
J 135;R2,N012;134;5.6727;10;0.4233;DIN02-60
J 136;R4,N012;135;5.715;30;1.27;DIN02-59
J 137;R6,N012;136;5.7573;50;2.1167;DIN02-58
J 138;R3,N012;137;5.7997;20;0.8467;DIN02-50
J 139;R7,N012;138;5.842;60;2.54;DIN02-52
J 140;R11,N012;139;5.8843;100;4.2333;DIN02-54
J 141;R8,N012;140;5.9267;70;2.9633;DIN02-57
J 142;R10,N012;141;5.969;90;3.81;DIN02-56
J 143;R12,N012;142;6.0113;110;4.6567;DIN02-55
J 144;R9,N012;143;6.0537;80;3.3867;DIN02-53
J 145;R1,N013;144;6.096;0;0;DIN02-37
J 146;R5,N013;145;6.1383;40;1.6933;DIN02-39
J 147;R2,N013;146;6.1807;10;0.4233;DIN02-48
J 148;R4,N013;147;6.223;30;1.27;DIN02-47
J 149;R6,N013;148;6.2653;50;2.1167;DIN02-46
J 150;R3,N013;149;6.3077;20;0.8467;DIN02-38
J 151;R7,N013;150;6.35;60;2.54;DIN02-40
J 152;R11,N013;151;6.3923;100;4.2333;DIN02-42
J 153;R8,N013;152;6.4347;70;2.9633;DIN02-45
J 154;R10,N013;153;6.477;90;3.81;DIN02-44
J 155;R12,N013;154;6.5193;110;4.6567;DIN02-43
J 156;R9,N013;155;6.5617;80;3.3867;DIN02-41
J 157;R1,N014;156;6.604;0;0;DIN02-25
J 158;R5,N014;157;6.6463;40;1.6933;DIN02-27
J 159;R2,N014;158;6.6887;10;0.4233;DIN02-36
J 160;R4,N014;159;6.731;30;1.27;DIN02-35
J 161;R6,N014;160;6.7733;50;2.1167;DIN02-34
J 162;R3,N014;161;6.8157;20;0.8467;DIN02-26
J 163;R7,N014;162;6.858;60;2.54;DIN02-28
J 164;R11,N014;163;6.9003;100;4.2333;DIN02-30
J 165;R8,N014;164;6.9427;70;2.9633;DIN02-33
J 166;R10,N014;165;6.985;90;3.81;DIN02-32
J 167;R12,N014;166;7.0273;110;4.6567;DIN02-31
J 168;R9,N014;167;7.0697;80;3.3867;DIN02-29
J 169;R1,N015;168;7.112;0;0;DIN02-13
J 170;R5,N015;169;7.1543;40;1.6933;DIN02-15
J 171;R2,N015;170;7.1967;10;0.4233;DIN02-24
J 172;R4,N015;171;7.239;30;1.27;DIN02-23
J 173;R6,N015;172;7.2813;50;2.1167;DIN02-22
J 174;R3,N015;173;7.3237;20;0.8467;DIN02-14
J 175;R7,N015;174;7.366;60;2.54;DIN02-16
J 176;R11,N015;175;7.4083;100;4.2333;DIN02-18
J 177;R8,N015;176;7.4507;70;2.9633;DIN02-21
J 178;R10,N015;177;7.493;90;3.81;DIN02-20
J 179;R12,N015;178;7.5353;110;4.6567;DIN02-19
J 180;R9,N015;179;7.5777;80;3.3867;DIN02-17
J 181;R1,N016;180;7.62;0;0;DIN02-01
J 182;R5,N016;181;7.6623;40;1.6933;DIN02-03
J 183;R2,N016;182;7.7047;10;0.4233;DIN02-12
J 184;R4,N016;183;7.747;30;1.27;DIN02-11
J 185;R6,N016;184;7.7893;50;2.1167;DIN02-10
J 186;R3,N016;185;7.8317;20;0.8467;DIN02-02
J 187;R7,N016;186;7.874;60;2.54;DIN02-04
J 188;R11,N016;187;7.9163;100;4.2333;DIN02-06
J 189;R8,N016;188;7.9587;70;2.9633;DIN02-09
J 190;R10,N016;189;8.001;90;3.81;DIN02-08
J 191;R12,N016;190;8.0433;110;4.6567;DIN02-07
J 192;R9,N016;191;8.0857;80;3.3867;DIN02-05
J 193;R1,N017;192;8.128;0;0;DIN03-53
J 194;R5,N017;193;8.1703;40;1.6933;DIN03-55
J 195;R2,N017;194;8.2127;10;0.4233;DIN03-64
J 196;R4,N017;195;8.255;30;1.27;DIN03-63
J 197;R6,N017;196;8.2973;50;2.1167;DIN03-62
J 198;R3,N017;197;8.3397;20;0.8467;DIN03-54
J 199;R7,N017;198;8.382;60;2.54;DIN03-56
J 200;R11,N017;199;8.4243;100;4.2333;DIN03-58
J 201;R8,N017;200;8.4667;70;2.9633;DIN03-61
J 202;R10,N017;201;8.509;90;3.81;DIN03-60
J 203;R12,N017;202;8.5513;110;4.6567;DIN03-59
J 204;R9,N017;203;8.5937;80;3.3867;DIN03-57
J 205;R1,N018;204;8.636;0;0;DIN03-41
J 206;R5,N018;205;8.6783;40;1.6933;DIN03-43
J 207;R2,N018;206;8.7207;10;0.4233;DIN03-52
J 208;R4,N018;207;8.763;30;1.27;DIN03-51
J 209;R6,N018;208;8.8053;50;2.1167;DIN03-50
J 210;R3,N018;209;8.8477;20;0.8467;DIN03-42
J 211;R7,N018;210;8.89;60;2.54;DIN03-44
J 212;R11,N018;211;8.9323;100;4.2333;DIN03-46
J 213;R8,N018;212;8.9747;70;2.9633;DIN03-49
J 214;R10,N018;213;9.017;90;3.81;DIN03-48
J 215;R12,N018;214;9.0593;110;4.6567;DIN03-47
J 216;R9,N018;215;9.1017;80;3.3867;DIN03-45
J 217;R1,N019;216;9.144;0;0;DIN03-29
J 218;R5,N019;217;9.1863;40;1.6933;DIN03-31
J 219;R2,N019;218;9.2287;10;0.4233;DIN03-40
J 220;R4,N019;219;9.271;30;1.27;DIN03-39
J 221;R6,N019;220;9.3133;50;2.1167;DIN03-38
J 222;R3,N019;221;9.3557;20;0.8467;DIN03-30
J 223;R7,N019;222;9.398;60;2.54;DIN03-32
J 224;R11,N019;223;9.4403;100;4.2333;DIN03-34
J 225;R8,N019;224;9.4827;70;2.9633;DIN03-37
J 226;R10,N019;225;9.525;90;3.81;DIN03-36
J 227;R12,N019;226;9.5673;110;4.6567;DIN03-35
J 228;R9,N019;227;9.6097;80;3.3867;DIN03-33
J 229;R1,N020;228;9.652;0;0;DIN03-17
J 230;R5,N020;229;9.6943;40;1.6933;DIN03-19
J 231;R2,N020;230;9.7367;10;0.4233;DIN03-28
J 232;R4,N020;231;9.779;30;1.27;DIN03-27
J 233;R6,N020;232;9.8213;50;2.1167;DIN03-26
J 234;R3,N020;233;9.8637;20;0.8467;DIN03-18
J 235;R7,N020;234;9.906;60;2.54;DIN03-20
J 236;R11,N020;235;9.9483;100;4.2333;DIN03-22
J 237;R8,N020;236;9.9907;70;2.9633;DIN03-25
J 238;R10,N020;237;10.033;90;3.81;DIN03-24
J 239;R12,N020;238;10.0753;110;4.6567;DIN03-23
J 240;R9,N020;239;10.1177;80;3.3867;DIN03-21
J 241;R1,N021;240;10.16;0;0;DIN03-05
J 242;R5,N021;241;10.2023;40;1.6933;DIN03-07
J 243;R2,N021;242;10.2447;10;0.4233;DIN03-16
J 244;R4,N021;243;10.287;30;1.27;DIN03-15
J 245;R6,N021;244;10.3293;50;2.1167;DIN03-14
J 246;R3,N021;245;10.3717;20;0.8467;DIN03-06
J 247;R7,N021;246;10.414;60;2.54;DIN03-08
J 248;R11,N021;247;10.4563;100;4.2333;DIN03-10
J 249;R8,N021;248;10.4987;70;2.9633;DIN03-13
J 250;R10,N021;249;10.541;90;3.81;DIN03-12
J 251;R12,N021;250;10.5833;110;4.6567;DIN03-11
J 252;R9,N021;251;10.6257;80;3.3867;DIN03-09
J 253;R1,N022;252;10.668;0;0;DIN04-57
J 254;R5,N022;253;10.7103;40;1.6933;DIN04-59
J 255;R2,N022;254;10.7527;10;0.4233;DIN03-04
J 256;R4,N022;255;10.795;30;1.27;DIN03-03
J 257;R6,N022;256;10.8373;50;2.1167;DIN03-02
J 258;R3,N022;257;10.8797;20;0.8467;DIN04-58
J 259;R7,N022;258;10.922;60;2.54;DIN04-60
J 260;R11,N022;259;10.9643;100;4.2333;DIN04-62
J 261;R8,N022;260;11.0067;70;2.9633;DIN03-01
J 262;R10,N022;261;11.049;90;3.81;DIN04-64
J 263;R12,N022;262;11.0913;110;4.6567;DIN04-63
J 264;R9,N022;263;11.1337;80;3.3867;DIN04-61
J 265;R1,N023;264;11.176;0;0;DIN04-45
J 266;R5,N023;265;11.2183;40;1.6933;DIN04-47
J 267;R2,N023;266;11.2607;10;0.4233;DIN04-56
J 268;R4,N023;267;11.303;30;1.27;DIN04-55
J 269;R6,N023;268;11.3453;50;2.1167;DIN04-54
J 270;R3,N023;269;11.3877;20;0.8467;DIN04-46
J 271;R7,N023;270;11.43;60;2.54;DIN04-48
J 272;R11,N023;271;11.4723;100;4.2333;DIN04-50
J 273;R8,N023;272;11.5147;70;2.9633;DIN04-53
J 274;R10,N023;273;11.557;90;3.81;DIN04-52
J 275;R12,N023;274;11.5993;110;4.6567;DIN04-51
J 276;R9,N023;275;11.6417;80;3.3867;DIN04-49
J 277;R1,N024;276;11.684;0;0;DIN04-33
J 278;R5,N024;277;11.7263;40;1.6933;DIN04-35
J 279;R2,N024;278;11.7687;10;0.4233;DIN04-44
J 280;R4,N024;279;11.811;30;1.27;DIN04-43
J 281;R6,N024;280;11.8533;50;2.1167;DIN04-42
J 282;R3,N024;281;11.8957;20;0.8467;DIN04-34
J 283;R7,N024;282;11.938;60;2.54;DIN04-36
J 284;R11,N024;283;11.9803;100;4.2333;DIN04-38
J 285;R8,N024;284;12.0227;70;2.9633;DIN04-41
J 286;R10,N024;285;12.065;90;3.81;DIN04-40
J 287;R12,N024;286;12.1073;110;4.6567;DIN04-39
J 288;R9,N024;287;12.1497;80;3.3867;DIN04-37
J 289;R1,N025;288;12.192;0;0;DIN04-21
J 290;R5,N025;289;12.2343;40;1.6933;DIN04-23
J 291;R2,N025;290;12.2767;10;0.4233;DIN04-32
J 292;R4,N025;291;12.319;30;1.27;DIN04-31
J 293;R6,N025;292;12.3613;50;2.1167;DIN04-30
J 294;R3,N025;293;12.4037;20;0.8467;DIN04-22
J 295;R7,N025;294;12.446;60;2.54;DIN04-24
J 296;R11,N025;295;12.4883;100;4.2333;DIN04-26
J 297;R8,N025;296;12.5307;70;2.9633;DIN04-29
J 298;R10,N025;297;12.573;90;3.81;DIN04-28
J 299;R12,N025;298;12.6153;110;4.6567;DIN04-27
J 300;R9,N025;299;12.6577;80;3.3867;DIN04-25
J 301;R1,N026;300;12.7;0;0;DIN04-09
J 302;R5,N026;301;12.7423;40;1.6933;DIN04-11
J 303;R2,N026;302;12.7847;10;0.4233;DIN04-20
J 304;R4,N026;303;12.827;30;1.27;DIN04-19
J 305;R6,N026;304;12.8693;50;2.1167;DIN04-18
J 306;R3,N026;305;12.9117;20;0.8467;DIN04-10
J 307;R7,N026;306;12.954;60;2.54;DIN04-12
J 308;R11,N026;307;12.9963;100;4.2333;DIN04-14
J 309;R8,N026;308;13.0387;70;2.9633;DIN04-17
J 310;R10,N026;309;13.081;90;3.81;DIN04-16
J 311;R12,N026;310;13.1233;110;4.6567;DIN04-15
J 312;R9,N026;311;13.1657;80;3.3867;DIN04-13
J 313;R1,N027;312;13.208;0;0;DIN05-61
J 314;R5,N027;313;13.2503;40;1.6933;DIN05-63
J 315;R2,N027;314;13.2927;10;0.4233;DIN04-08
J 316;R4,N027;315;13.335;30;1.27;DIN04-07
J 317;R6,N027;316;13.3773;50;2.1167;DIN04-06
J 318;R3,N027;317;13.4197;20;0.8467;DIN05-62
J 319;R7,N027;318;13.462;60;2.54;DIN05-64
J 320;R11,N027;319;13.5043;100;4.2333;DIN04-02
J 321;R8,N027;320;13.5467;70;2.9633;DIN04-05
J 322;R10,N027;321;13.589;90;3.81;DIN04-04
J 323;R12,N027;322;13.6313;110;4.6567;DIN04-03
J 324;R9,N027;323;13.6737;80;3.3867;DIN04-01
J 325;R1,N028;324;13.716;0;0;DIN05-49
J 326;R5,N028;325;13.7583;40;1.6933;DIN05-51
J 327;R2,N028;326;13.8007;10;0.4233;DIN05-60
J 328;R4,N028;327;13.843;30;1.27;DIN05-59
J 329;R6,N028;328;13.8853;50;2.1167;DIN05-58
J 330;R3,N028;329;13.9277;20;0.8467;DIN05-50
J 331;R7,N028;330;13.97;60;2.54;DIN05-52
J 332;R11,N028;331;14.0123;100;4.2333;DIN05-54
J 333;R8,N028;332;14.0547;70;2.9633;DIN05-57
J 334;R10,N028;333;14.097;90;3.81;DIN05-56
J 335;R12,N028;334;14.1393;110;4.6567;DIN05-55
J 336;R9,N028;335;14.1817;80;3.3867;DIN05-53
J 337;R1,N029;336;14.224;0;0;DIN05-37
J 338;R5,N029;337;14.2663;40;1.6933;DIN05-39
J 339;R2,N029;338;14.3087;10;0.4233;DIN05-48
J 340;R4,N029;339;14.351;30;1.27;DIN05-47
J 341;R6,N029;340;14.3933;50;2.1167;DIN05-46
J 342;R3,N029;341;14.4357;20;0.8467;DIN05-38
J 343;R7,N029;342;14.478;60;2.54;DIN05-40
J 344;R11,N029;343;14.5203;100;4.2333;DIN05-42
J 345;R8,N029;344;14.5627;70;2.9633;DIN05-45
J 346;R10,N029;345;14.605;90;3.81;DIN05-44
J 347;R12,N029;346;14.6473;110;4.6567;DIN05-43
J 348;R9,N029;347;14.6897;80;3.3867;DIN05-41
J 349;R1,N030;348;14.732;0;0;DIN05-25
J 350;R5,N030;349;14.7743;40;1.6933;DIN05-27
J 351;R2,N030;350;14.8167;10;0.4233;DIN05-36
J 352;R4,N030;351;14.859;30;1.27;DIN05-35
J 353;R6,N030;352;14.9013;50;2.1167;DIN05-34
J 354;R3,N030;353;14.9437;20;0.8467;DIN05-26
J 355;R7,N030;354;14.986;60;2.54;DIN05-28
J 356;R11,N030;355;15.0283;100;4.2333;DIN05-30
J 357;R8,N030;356;15.0707;70;2.9633;DIN05-33
J 358;R10,N030;357;15.113;90;3.81;DIN05-32
J 359;R12,N030;358;15.1553;110;4.6567;DIN05-31
J 360;R9,N030;359;15.1977;80;3.3867;DIN05-29
J 361;R1,N031;360;15.24;0;0;DIN05-13
J 362;R5,N031;361;15.2823;40;1.6933;DIN05-15
J 363;R2,N031;362;15.3247;10;0.4233;DIN05-24
J 364;R4,N031;363;15.367;30;1.27;DIN05-23
J 365;R6,N031;364;15.4093;50;2.1167;DIN05-22
J 366;R3,N031;365;15.4517;20;0.8467;DIN05-14
J 367;R7,N031;366;15.494;60;2.54;DIN05-16
J 368;R11,N031;367;15.5363;100;4.2333;DIN05-18
J 369;R8,N031;368;15.5787;70;2.9633;DIN05-21
J 370;R10,N031;369;15.621;90;3.81;DIN05-20
J 371;R12,N031;370;15.6633;110;4.6567;DIN05-19
J 372;R9,N031;371;15.7057;80;3.3867;DIN05-17
J 373;R1,N032;372;15.748;0;0;DIN05-01
J 374;R5,N032;373;15.7903;40;1.6933;DIN05-03
J 375;R2,N032;374;15.8327;10;0.4233;DIN05-12
J 376;R4,N032;375;15.875;30;1.27;DIN05-11
J 377;R6,N032;376;15.9173;50;2.1167;DIN05-10
J 378;R3,N032;377;15.9597;20;0.8467;DIN05-02
J 379;R7,N032;378;16.002;60;2.54;DIN05-04
J 380;R11,N032;379;16.0443;100;4.2333;DIN05-06
J 381;R8,N032;380;16.0867;70;2.9633;DIN05-09
J 382;R10,N032;381;16.129;90;3.81;DIN05-08
J 383;R12,N032;382;16.1713;110;4.6567;DIN05-07
J 384;R9,N032;383;16.2137;80;3.3867;DIN05-05
J 385;R1,N033;384;16.256;0;0;DIN06-53
J 386;R5,N033;385;16.2983;40;1.6933;DIN06-55
J 387;R2,N033;386;16.3407;10;0.4233;DIN06-64
J 388;R4,N033;387;16.383;30;1.27;DIN06-63
J 389;R6,N033;388;16.4253;50;2.1167;DIN06-62
J 390;R3,N033;389;16.4677;20;0.8467;DIN06-54
J 391;R7,N033;390;16.51;60;2.54;DIN06-56
J 392;R11,N033;391;16.5523;100;4.2333;DIN06-58
J 393;R8,N033;392;16.5947;70;2.9633;DIN06-61
J 394;R10,N033;393;16.637;90;3.81;DIN06-60
J 395;R12,N033;394;16.6793;110;4.6567;DIN06-59
J 396;R9,N033;395;16.7217;80;3.3867;DIN06-57
J 397;R1,N034;396;16.764;0;0;DIN06-41
J 398;R5,N034;397;16.8063;40;1.6933;DIN06-43
J 399;R2,N034;398;16.8487;10;0.4233;DIN06-52
J 400;R4,N034;399;16.891;30;1.27;DIN06-51
J 401;R6,N034;400;16.9333;50;2.1167;DIN06-50
J 402;R3,N034;401;16.9757;20;0.8467;DIN06-42
J 403;R7,N034;402;17.018;60;2.54;DIN06-44
J 404;R11,N034;403;17.0603;100;4.2333;DIN06-46
J 405;R8,N034;404;17.1027;70;2.9633;DIN06-49
J 406;R10,N034;405;17.145;90;3.81;DIN06-48
J 407;R12,N034;406;17.1873;110;4.6567;DIN06-47
J 408;R9,N034;407;17.2297;80;3.3867;DIN06-45
J 409;R1,N035;408;17.272;0;0;DIN06-29
J 410;R5,N035;409;17.3143;40;1.6933;DIN06-31
J 411;R2,N035;410;17.3567;10;0.4233;DIN06-40
J 412;R4,N035;411;17.399;30;1.27;DIN06-39
J 413;R6,N035;412;17.4413;50;2.1167;DIN06-38
J 414;R3,N035;413;17.4837;20;0.8467;DIN06-30
J 415;R7,N035;414;17.526;60;2.54;DIN06-32
J 416;R11,N035;415;17.5683;100;4.2333;DIN06-34
J 417;R8,N035;416;17.6107;70;2.9633;DIN06-37
J 418;R10,N035;417;17.653;90;3.81;DIN06-36
J 419;R12,N035;418;17.6953;110;4.6567;DIN06-35
J 420;R9,N035;419;17.7377;80;3.3867;DIN06-33
J 421;R1,N036;420;17.78;0;0;DIN06-17
J 422;R5,N036;421;17.8223;40;1.6933;DIN06-19
J 423;R2,N036;422;17.8647;10;0.4233;DIN06-28
J 424;R4,N036;423;17.907;30;1.27;DIN06-27
J 425;R6,N036;424;17.9493;50;2.1167;DIN06-26
J 426;R3,N036;425;17.9917;20;0.8467;DIN06-18
J 427;R7,N036;426;18.034;60;2.54;DIN06-20
J 428;R11,N036;427;18.0763;100;4.2333;DIN06-22
J 429;R8,N036;428;18.1187;70;2.9633;DIN06-25
J 430;R10,N036;429;18.161;90;3.81;DIN06-24
J 431;R12,N036;430;18.2033;110;4.6567;DIN06-23
J 432;R9,N036;431;18.2457;80;3.3867;DIN06-21
J 433;R1,N037;432;18.288;0;0;DIN06-05
J 434;R5,N037;433;18.3303;40;1.6933;DIN06-07
J 435;R2,N037;434;18.3727;10;0.4233;DIN06-16
J 436;R4,N037;435;18.415;30;1.27;DIN06-15
J 437;R6,N037;436;18.4573;50;2.1167;DIN06-14
J 438;R3,N037;437;18.4997;20;0.8467;DIN06-06
J 439;R7,N037;438;18.542;60;2.54;DIN06-08
J 440;R11,N037;439;18.5843;100;4.2333;DIN06-10
J 441;R8,N037;440;18.6267;70;2.9633;DIN06-13
J 442;R10,N037;441;18.669;90;3.81;DIN06-12
J 443;R12,N037;442;18.7113;110;4.6567;DIN06-11
J 444;R9,N037;443;18.7537;80;3.3867;DIN06-09
J 445;R1,N038;444;18.796;0;0;DIN07-57
J 446;R5,N038;445;18.8383;40;1.6933;DIN07-59
J 447;R2,N038;446;18.8807;10;0.4233;DIN06-04
J 448;R4,N038;447;18.923;30;1.27;DIN06-03
J 449;R6,N038;448;18.9653;50;2.1167;DIN06-02
J 450;R3,N038;449;19.0077;20;0.8467;DIN07-58
J 451;R7,N038;450;19.05;60;2.54;DIN07-60
J 452;R11,N038;451;19.0923;100;4.2333;DIN07-62
J 453;R8,N038;452;19.1347;70;2.9633;DIN06-01
J 454;R10,N038;453;19.177;90;3.81;DIN07-64
J 455;R12,N038;454;19.2193;110;4.6567;DIN07-63
J 456;R9,N038;455;19.2617;80;3.3867;DIN07-61
J 457;R1,N039;456;19.304;0;0;DIN07-45
J 458;R5,N039;457;19.3463;40;1.6933;DIN07-47
J 459;R2,N039;458;19.3887;10;0.4233;DIN07-56
J 460;R4,N039;459;19.431;30;1.27;DIN07-55
J 461;R6,N039;460;19.4733;50;2.1167;DIN07-54
J 462;R3,N039;461;19.5157;20;0.8467;DIN07-46
J 463;R7,N039;462;19.558;60;2.54;DIN07-48
J 464;R11,N039;463;19.6003;100;4.2333;DIN07-50
J 465;R8,N039;464;19.6427;70;2.9633;DIN07-53
J 466;R10,N039;465;19.685;90;3.81;DIN07-52
J 467;R12,N039;466;19.7273;110;4.6567;DIN07-51
J 468;R9,N039;467;19.7697;80;3.3867;DIN07-49
J 469;R1,N040;468;19.812;0;0;DIN07-33
J 470;R5,N040;469;19.8543;40;1.6933;DIN07-35
J 471;R2,N040;470;19.8967;10;0.4233;DIN07-44
J 472;R4,N040;471;19.939;30;1.27;DIN07-43
J 473;R6,N040;472;19.9813;50;2.1167;DIN07-42
J 474;R3,N040;473;20.0237;20;0.8467;DIN07-34
J 475;R7,N040;474;20.066;60;2.54;DIN07-36
J 476;R11,N040;475;20.1083;100;4.2333;DIN07-38
J 477;R8,N040;476;20.1507;70;2.9633;DIN07-41
J 478;R10,N040;477;20.193;90;3.81;DIN07-40
J 479;R12,N040;478;20.2353;110;4.6567;DIN07-39
J 480;R9,N040;479;20.2777;80;3.3867;DIN07-37
J 481;R1,N041;480;20.32;0;0;DIN07-21
J 482;R5,N041;481;20.3623;40;1.6933;DIN07-23
J 483;R2,N041;482;20.4047;10;0.4233;DIN07-32
J 484;R4,N041;483;20.447;30;1.27;DIN07-31
J 485;R6,N041;484;20.4893;50;2.1167;DIN07-30
J 486;R3,N041;485;20.5317;20;0.8467;DIN07-22
J 487;R7,N041;486;20.574;60;2.54;DIN07-24
J 488;R11,N041;487;20.6163;100;4.2333;DIN07-26
J 489;R8,N041;488;20.6587;70;2.9633;DIN07-29
J 490;R10,N041;489;20.701;90;3.81;DIN07-28
J 491;R12,N041;490;20.7433;110;4.6567;DIN07-27
J 492;R9,N041;491;20.7857;80;3.3867;DIN07-25
J 493;R1,N042;492;20.828;0;0;DIN07-09
J 494;R5,N042;493;20.8703;40;1.6933;DIN07-11
J 495;R2,N042;494;20.9127;10;0.4233;DIN07-20
J 496;R4,N042;495;20.955;30;1.27;DIN07-19
J 497;R6,N042;496;20.9973;50;2.1167;DIN07-18
J 498;R3,N042;497;21.0397;20;0.8467;DIN07-10
J 499;R7,N042;498;21.082;60;2.54;DIN07-12
J 500;R11,N042;499;21.1243;100;4.2333;DIN07-14
J 501;R8,N042;500;21.1667;70;2.9633;DIN07-17
J 502;R10,N042;501;21.209;90;3.81;DIN07-16
J 503;R12,N042;502;21.2513;110;4.6567;DIN07-15
J 504;R9,N042;503;21.2937;80;3.3867;DIN07-13
J 505;R1,N043;504;21.336;0;0;DIN08-61
J 506;R5,N043;505;21.3783;40;1.6933;DIN08-63
J 507;R2,N043;506;21.4207;10;0.4233;DIN07-08
J 508;R4,N043;507;21.463;30;1.27;DIN07-07
J 509;R6,N043;508;21.5053;50;2.1167;DIN07-06
J 510;R3,N043;509;21.5477;20;0.8467;DIN08-62
J 511;R7,N043;510;21.59;60;2.54;DIN08-64
J 512;R11,N043;511;21.6323;100;4.2333;DIN07-02
J 513;R8,N043;512;21.6747;70;2.9633;DIN07-05
J 514;R10,N043;513;21.717;90;3.81;DIN07-04
J 515;R12,N043;514;21.7593;110;4.6567;DIN07-03
J 516;R9,N043;515;21.8017;80;3.3867;DIN07-01
J 517;R1,N044;516;21.844;0;0;DIN08-49
J 518;R5,N044;517;21.8863;40;1.6933;DIN08-51
J 519;R2,N044;518;21.9287;10;0.4233;DIN08-60
J 520;R4,N044;519;21.971;30;1.27;DIN08-59
J 521;R6,N044;520;22.0133;50;2.1167;DIN08-58
J 522;R3,N044;521;22.0557;20;0.8467;DIN08-50
J 523;R7,N044;522;22.098;60;2.54;DIN08-52
J 524;R11,N044;523;22.1403;100;4.2333;DIN08-54
J 525;R8,N044;524;22.1827;70;2.9633;DIN08-57
J 526;R10,N044;525;22.225;90;3.81;DIN08-56
J 527;R12,N044;526;22.2673;110;4.6567;DIN08-55
J 528;R9,N044;527;22.3097;80;3.3867;DIN08-53
J 529;R1,N045;528;22.352;0;0;DIN08-37
J 530;R5,N045;529;22.3943;40;1.6933;DIN08-39
J 531;R2,N045;530;22.4367;10;0.4233;DIN08-48
J 532;R4,N045;531;22.479;30;1.27;DIN08-47
J 533;R6,N045;532;22.5213;50;2.1167;DIN08-46
J 534;R3,N045;533;22.5637;20;0.8467;DIN08-38
J 535;R7,N045;534;22.606;60;2.54;DIN08-40
J 536;R11,N045;535;22.6483;100;4.2333;DIN08-42
J 537;R8,N045;536;22.6907;70;2.9633;DIN08-45
J 538;R10,N045;537;22.733;90;3.81;DIN08-44
J 539;R12,N045;538;22.7753;110;4.6567;DIN08-43
J 540;R9,N045;539;22.8177;80;3.3867;DIN08-41
J 541;R1,N046;540;22.86;0;0;DIN08-25
J 542;R5,N046;541;22.9023;40;1.6933;DIN08-27
J 543;R2,N046;542;22.9447;10;0.4233;DIN08-36
J 544;R4,N046;543;22.987;30;1.27;DIN08-35
J 545;R6,N046;544;23.0293;50;2.1167;DIN08-34
J 546;R3,N046;545;23.0717;20;0.8467;DIN08-26
J 547;R7,N046;546;23.114;60;2.54;DIN08-28
J 548;R11,N046;547;23.1563;100;4.2333;DIN08-30
J 549;R8,N046;548;23.1987;70;2.9633;DIN08-33
J 550;R10,N046;549;23.241;90;3.81;DIN08-32
J 551;R12,N046;550;23.2833;110;4.6567;DIN08-31
J 552;R9,N046;551;23.3257;80;3.3867;DIN08-29
J 553;R1,N047;552;23.368;0;0;DIN08-13
J 554;R5,N047;553;23.4103;40;1.6933;DIN08-15
J 555;R2,N047;554;23.4527;10;0.4233;DIN08-24
J 556;R4,N047;555;23.495;30;1.27;DIN08-23
J 557;R6,N047;556;23.5373;50;2.1167;DIN08-22
J 558;R3,N047;557;23.5797;20;0.8467;DIN08-14
J 559;R7,N047;558;23.622;60;2.54;DIN08-16
J 560;R11,N047;559;23.6643;100;4.2333;DIN08-18
J 561;R8,N047;560;23.7067;70;2.9633;DIN08-21
J 562;R10,N047;561;23.749;90;3.81;DIN08-20
J 563;R12,N047;562;23.7913;110;4.6567;DIN08-19
J 564;R9,N047;563;23.8337;80;3.3867;DIN08-17
J 565;R1,N048;564;23.876;0;0;DIN08-01
J 566;R5,N048;565;23.9183;40;1.6933;DIN08-03
J 567;R2,N048;566;23.9607;10;0.4233;DIN08-12
J 568;R4,N048;567;24.003;30;1.27;DIN08-11
J 569;R6,N048;568;24.0453;50;2.1167;DIN08-10
J 570;R3,N048;569;24.0877;20;0.8467;DIN08-02
J 571;R7,N048;570;24.13;60;2.54;DIN08-04
J 572;R11,N048;571;24.1723;100;4.2333;DIN08-06
J 573;R8,N048;572;24.2147;70;2.9633;DIN08-09
J 574;R10,N048;573;24.257;90;3.81;DIN08-08
J 575;R12,N048;574;24.2993;110;4.6567;DIN08-07
J 576;R9,N048;575;24.3417;80;3.3867;DIN08-05
J 577;R1,N049;576;24.384;0;0;DIN09-53
J 578;R5,N049;577;24.4263;40;1.6933;DIN09-55
J 579;R2,N049;578;24.4687;10;0.4233;DIN09-64
J 580;R4,N049;579;24.511;30;1.27;DIN09-63
J 581;R6,N049;580;24.5533;50;2.1167;DIN09-62
J 582;R3,N049;581;24.5957;20;0.8467;DIN09-54
J 583;R7,N049;582;24.638;60;2.54;DIN09-56
J 584;R11,N049;583;24.6803;100;4.2333;DIN09-58
J 585;R8,N049;584;24.7227;70;2.9633;DIN09-61
J 586;R10,N049;585;24.765;90;3.81;DIN09-60
J 587;R12,N049;586;24.8073;110;4.6567;DIN09-59
J 588;R9,N049;587;24.8497;80;3.3867;DIN09-57
J 589;R1,N050;588;24.892;0;0;DIN09-41
J 590;R5,N050;589;24.9343;40;1.6933;DIN09-43
J 591;R2,N050;590;24.9767;10;0.4233;DIN09-52
J 592;R4,N050;591;25.019;30;1.27;DIN09-51
J 593;R6,N050;592;25.0613;50;2.1167;DIN09-50
J 594;R3,N050;593;25.1037;20;0.8467;DIN09-42
J 595;R7,N050;594;25.146;60;2.54;DIN09-44
J 596;R11,N050;595;25.1883;100;4.2333;DIN09-46
J 597;R8,N050;596;25.2307;70;2.9633;DIN09-49
J 598;R10,N050;597;25.273;90;3.81;DIN09-48
J 599;R12,N050;598;25.3153;110;4.6567;DIN09-47
J 600;R9,N050;599;25.3577;80;3.3867;DIN09-45
J 601;R1,N051;600;25.4;0;0;DIN09-29
J 602;R5,N051;601;25.4423;40;1.6933;DIN09-31
J 603;R2,N051;602;25.4847;10;0.4233;DIN09-40
J 604;R4,N051;603;25.527;30;1.27;DIN09-39
J 605;R6,N051;604;25.5693;50;2.1167;DIN09-38
J 606;R3,N051;605;25.6117;20;0.8467;DIN09-30
J 607;R7,N051;606;25.654;60;2.54;DIN09-32
J 608;R11,N051;607;25.6963;100;4.2333;DIN09-34
J 609;R8,N051;608;25.7387;70;2.9633;DIN09-37
J 610;R10,N051;609;25.781;90;3.81;DIN09-36
J 611;R12,N051;610;25.8233;110;4.6567;DIN09-35
J 612;R9,N051;611;25.8657;80;3.3867;DIN09-33
J 613;R1,N052;612;25.908;0;0;DIN09-17
J 614;R5,N052;613;25.9503;40;1.6933;DIN09-19
J 615;R2,N052;614;25.9927;10;0.4233;DIN09-28
J 616;R4,N052;615;26.035;30;1.27;DIN09-27
J 617;R6,N052;616;26.0773;50;2.1167;DIN09-26
J 618;R3,N052;617;26.1197;20;0.8467;DIN09-18
J 619;R7,N052;618;26.162;60;2.54;DIN09-20
J 620;R11,N052;619;26.2043;100;4.2333;DIN09-22
J 621;R8,N052;620;26.2467;70;2.9633;DIN09-25
J 622;R10,N052;621;26.289;90;3.81;DIN09-24
J 623;R12,N052;622;26.3313;110;4.6567;DIN09-23
J 624;R9,N052;623;26.3737;80;3.3867;DIN09-21
J 625;R1,N053;624;26.416;0;0;DIN09-05
J 626;R5,N053;625;26.4583;40;1.6933;DIN09-07
J 627;R2,N053;626;26.5007;10;0.4233;DIN09-16
J 628;R4,N053;627;26.543;30;1.27;DIN09-15
J 629;R6,N053;628;26.5853;50;2.1167;DIN09-14
J 630;R3,N053;629;26.6277;20;0.8467;DIN09-06
J 631;R7,N053;630;26.67;60;2.54;DIN09-08
J 632;R11,N053;631;26.7123;100;4.2333;DIN09-10
J 633;R8,N053;632;26.7547;70;2.9633;DIN09-13
J 634;R10,N053;633;26.797;90;3.81;DIN09-12
J 635;R12,N053;634;26.8393;110;4.6567;DIN09-11
J 636;R9,N053;635;26.8817;80;3.3867;DIN09-09
J 637;R1,N054;636;26.924;0;0;DIN10-57
J 638;R5,N054;637;26.9663;40;1.6933;DIN10-59
J 639;R2,N054;638;27.0087;10;0.4233;DIN09-04
J 640;R4,N054;639;27.051;30;1.27;DIN09-03
J 641;R6,N054;640;27.0933;50;2.1167;DIN09-02
J 642;R3,N054;641;27.1357;20;0.8467;DIN10-58
J 643;R7,N054;642;27.178;60;2.54;DIN10-60
J 644;R11,N054;643;27.2203;100;4.2333;DIN10-62
J 645;R8,N054;644;27.2627;70;2.9633;DIN09-01
J 646;R10,N054;645;27.305;90;3.81;DIN10-64
J 647;R12,N054;646;27.3473;110;4.6567;DIN10-63
J 648;R9,N054;647;27.3897;80;3.3867;DIN10-61
J 649;R1,N055;648;27.432;0;0;DIN10-45
J 650;R5,N055;649;27.4743;40;1.6933;DIN10-47
J 651;R2,N055;650;27.5167;10;0.4233;DIN10-56
J 652;R4,N055;651;27.559;30;1.27;DIN10-55
J 653;R6,N055;652;27.6013;50;2.1167;DIN10-54
J 654;R3,N055;653;27.6437;20;0.8467;DIN10-46
J 655;R7,N055;654;27.686;60;2.54;DIN10-48
J 656;R11,N055;655;27.7283;100;4.2333;DIN10-50
J 657;R8,N055;656;27.7707;70;2.9633;DIN10-53
J 658;R10,N055;657;27.813;90;3.81;DIN10-52
J 659;R12,N055;658;27.8553;110;4.6567;DIN10-51
J 660;R9,N055;659;27.8977;80;3.3867;DIN10-49
J 661;R1,N056;660;27.94;0;0;DIN10-33
J 662;R5,N056;661;27.9823;40;1.6933;DIN10-35
J 663;R2,N056;662;28.0247;10;0.4233;DIN10-44
J 664;R4,N056;663;28.067;30;1.27;DIN10-43
J 665;R6,N056;664;28.1093;50;2.1167;DIN10-42
J 666;R3,N056;665;28.1517;20;0.8467;DIN10-34
J 667;R7,N056;666;28.194;60;2.54;DIN10-36
J 668;R11,N056;667;28.2363;100;4.2333;DIN10-38
J 669;R8,N056;668;28.2787;70;2.9633;DIN10-41
J 670;R10,N056;669;28.321;90;3.81;DIN10-40
J 671;R12,N056;670;28.3633;110;4.6567;DIN10-39
J 672;R9,N056;671;28.4057;80;3.3867;DIN10-37
J 673;R1,N057;672;28.448;0;0;DIN10-21
J 674;R5,N057;673;28.4903;40;1.6933;DIN10-23
J 675;R2,N057;674;28.5327;10;0.4233;DIN10-32
J 676;R4,N057;675;28.575;30;1.27;DIN10-31
J 677;R6,N057;676;28.6173;50;2.1167;DIN10-30
J 678;R3,N057;677;28.6597;20;0.8467;DIN10-22
J 679;R7,N057;678;28.702;60;2.54;DIN10-24
J 680;R11,N057;679;28.7443;100;4.2333;DIN10-26
J 681;R8,N057;680;28.7867;70;2.9633;DIN10-29
J 682;R10,N057;681;28.829;90;3.81;DIN10-28
J 683;R12,N057;682;28.8713;110;4.6567;DIN10-27
J 684;R9,N057;683;28.9137;80;3.3867;DIN10-25
J 685;R1,N058;684;28.956;0;0;DIN10-09
J 686;R5,N058;685;28.9983;40;1.6933;DIN10-11
J 687;R2,N058;686;29.0407;10;0.4233;DIN10-20
J 688;R4,N058;687;29.083;30;1.27;DIN10-19
J 689;R6,N058;688;29.1253;50;2.1167;DIN10-18
J 690;R3,N058;689;29.1677;20;0.8467;DIN10-10
J 691;R7,N058;690;29.21;60;2.54;DIN10-12
J 692;R11,N058;691;29.2523;100;4.2333;DIN10-14
J 693;R8,N058;692;29.2947;70;2.9633;DIN10-17
J 694;R10,N058;693;29.337;90;3.81;DIN10-16
J 695;R12,N058;694;29.3793;110;4.6567;DIN10-15
J 696;R9,N058;695;29.4217;80;3.3867;DIN10-13
J 697;R1,N059;696;29.464;0;0;DIN11-61
J 698;R5,N059;697;29.5063;40;1.6933;DIN11-63
J 699;R2,N059;698;29.5487;10;0.4233;DIN10-08
J 700;R4,N059;699;29.591;30;1.27;DIN10-07
J 701;R6,N059;700;29.6333;50;2.1167;DIN10-06
J 702;R3,N059;701;29.6757;20;0.8467;DIN11-62
J 703;R7,N059;702;29.718;60;2.54;DIN11-64
J 704;R11,N059;703;29.7603;100;4.2333;DIN10-02
J 705;R8,N059;704;29.8027;70;2.9633;DIN10-05
J 706;R10,N059;705;29.845;90;3.81;DIN10-04
J 707;R12,N059;706;29.8873;110;4.6567;DIN10-03
J 708;R9,N059;707;29.9297;80;3.3867;DIN10-01
J 709;R1,N060;708;29.972;0;0;DIN11-49
J 710;R5,N060;709;30.0143;40;1.6933;DIN11-51
J 711;R2,N060;710;30.0567;10;0.4233;DIN11-60
J 712;R4,N060;711;30.099;30;1.27;DIN11-59
J 713;R6,N060;712;30.1413;50;2.1167;DIN11-58
J 714;R3,N060;713;30.1837;20;0.8467;DIN11-50
J 715;R7,N060;714;30.226;60;2.54;DIN11-52
J 716;R11,N060;715;30.2683;100;4.2333;DIN11-54
J 717;R8,N060;716;30.3107;70;2.9633;DIN11-57
J 718;R10,N060;717;30.353;90;3.81;DIN11-56
J 719;R12,N060;718;30.3953;110;4.6567;DIN11-55
J 720;R9,N060;719;30.4377;80;3.3867;DIN11-53
J 721;R1,N061;720;30.48;0;0;DIN11-37
J 722;R5,N061;721;30.5223;40;1.6933;DIN11-39
J 723;R2,N061;722;30.5647;10;0.4233;DIN11-48
J 724;R4,N061;723;30.607;30;1.27;DIN11-47
J 725;R6,N061;724;30.6493;50;2.1167;DIN11-46
J 726;R3,N061;725;30.6917;20;0.8467;DIN11-38
J 727;R7,N061;726;30.734;60;2.54;DIN11-40
J 728;R11,N061;727;30.7763;100;4.2333;DIN11-42
J 729;R8,N061;728;30.8187;70;2.9633;DIN11-45
J 730;R10,N061;729;30.861;90;3.81;DIN11-44
J 731;R12,N061;730;30.9033;110;4.6567;DIN11-43
J 732;R9,N061;731;30.9457;80;3.3867;DIN11-41
J 733;R1,N062;732;30.988;0;0;DIN11-25
J 734;R5,N062;733;31.0303;40;1.6933;DIN11-27
J 735;R2,N062;734;31.0727;10;0.4233;DIN11-36
J 736;R4,N062;735;31.115;30;1.27;DIN11-35
J 737;R6,N062;736;31.1573;50;2.1167;DIN11-34
J 738;R3,N062;737;31.1997;20;0.8467;DIN11-26
J 739;R7,N062;738;31.242;60;2.54;DIN11-28
J 740;R11,N062;739;31.2843;100;4.2333;DIN11-30
J 741;R8,N062;740;31.3267;70;2.9633;DIN11-33
J 742;R10,N062;741;31.369;90;3.81;DIN11-32
J 743;R12,N062;742;31.4113;110;4.6567;DIN11-31
J 744;R9,N062;743;31.4537;80;3.3867;DIN11-29
J 745;R1,N063;744;31.496;0;0;DIN11-13
J 746;R5,N063;745;31.5383;40;1.6933;DIN11-15
J 747;R2,N063;746;31.5807;10;0.4233;DIN11-24
J 748;R4,N063;747;31.623;30;1.27;DIN11-23
J 749;R6,N063;748;31.6653;50;2.1167;DIN11-22
J 750;R3,N063;749;31.7077;20;0.8467;DIN11-14
J 751;R7,N063;750;31.75;60;2.54;DIN11-16
J 752;R11,N063;751;31.7923;100;4.2333;DIN11-18
J 753;R8,N063;752;31.8347;70;2.9633;DIN11-21
J 754;R10,N063;753;31.877;90;3.81;DIN11-20
J 755;R12,N063;754;31.9193;110;4.6567;DIN11-19
J 756;R9,N063;755;31.9617;80;3.3867;DIN11-17
J 757;R1,N064;756;32.004;0;0;DIN11-01
J 758;R5,N064;757;32.0463;40;1.6933;DIN11-03
J 759;R2,N064;758;32.0887;10;0.4233;DIN11-12
J 760;R4,N064;759;32.131;30;1.27;DIN11-11
J 761;R6,N064;760;32.1733;50;2.1167;DIN11-10
J 762;R3,N064;761;32.2157;20;0.8467;DIN11-02
J 763;R7,N064;762;32.258;60;2.54;DIN11-04
J 764;R11,N064;763;32.3003;100;4.2333;DIN11-06
J 765;R8,N064;764;32.3427;70;2.9633;DIN11-09
J 766;R10,N064;765;32.385;90;3.81;DIN11-08
J 767;R12,N064;766;32.4273;110;4.6567;DIN11-07
J 768;R9,N064;767;32.4697;80;3.3867;DIN11-05
J 769;R1,N065;768;32.512;0;0;DIN12-53
J 770;R5,N065;769;32.5543;40;1.6933;DIN12-55
J 771;R2,N065;770;32.5967;10;0.4233;DIN12-64
J 772;R4,N065;771;32.639;30;1.27;DIN12-63
J 773;R6,N065;772;32.6813;50;2.1167;DIN12-62
J 774;R3,N065;773;32.7237;20;0.8467;DIN12-54
J 775;R7,N065;774;32.766;60;2.54;DIN12-56
J 776;R11,N065;775;32.8083;100;4.2333;DIN12-58
J 777;R8,N065;776;32.8507;70;2.9633;DIN12-61
J 778;R10,N065;777;32.893;90;3.81;DIN12-60
J 779;R12,N065;778;32.9353;110;4.6567;DIN12-59
J 780;R9,N065;779;32.9777;80;3.3867;DIN12-57
J 781;R1,N066;780;33.02;0;0;DIN12-41
J 782;R5,N066;781;33.0623;40;1.6933;DIN12-43
J 783;R2,N066;782;33.1047;10;0.4233;DIN12-52
J 784;R4,N066;783;33.147;30;1.27;DIN12-51
J 785;R6,N066;784;33.1893;50;2.1167;DIN12-50
J 786;R3,N066;785;33.2317;20;0.8467;DIN12-42
J 787;R7,N066;786;33.274;60;2.54;DIN12-44
J 788;R11,N066;787;33.3163;100;4.2333;DIN12-46
J 789;R8,N066;788;33.3587;70;2.9633;DIN12-49
J 790;R10,N066;789;33.401;90;3.81;DIN12-48
J 791;R12,N066;790;33.4433;110;4.6567;DIN12-47
J 792;R9,N066;791;33.4857;80;3.3867;DIN12-45
J 793;R1,N067;792;33.528;0;0;DIN12-29
J 794;R5,N067;793;33.5703;40;1.6933;DIN12-31
J 795;R2,N067;794;33.6127;10;0.4233;DIN12-40
J 796;R4,N067;795;33.655;30;1.27;DIN12-39
J 797;R6,N067;796;33.6973;50;2.1167;DIN12-38
J 798;R3,N067;797;33.7397;20;0.8467;DIN12-30
J 799;R7,N067;798;33.782;60;2.54;DIN12-32
J 800;R11,N067;799;33.8243;100;4.2333;DIN12-34
J 801;R8,N067;800;33.8667;70;2.9633;DIN12-37
J 802;R10,N067;801;33.909;90;3.81;DIN12-36
J 803;R12,N067;802;33.9513;110;4.6567;DIN12-35
J 804;R9,N067;803;33.9937;80;3.3867;DIN12-33
J 805;R1,N068;804;34.036;0;0;DIN12-17
J 806;R5,N068;805;34.0783;40;1.6933;DIN12-19
J 807;R2,N068;806;34.1207;10;0.4233;DIN12-28
J 808;R4,N068;807;34.163;30;1.27;DIN12-27
J 809;R6,N068;808;34.2053;50;2.1167;DIN12-26
J 810;R3,N068;809;34.2477;20;0.8467;DIN12-18
J 811;R7,N068;810;34.29;60;2.54;DIN12-20
J 812;R11,N068;811;34.3323;100;4.2333;DIN12-22
J 813;R8,N068;812;34.3747;70;2.9633;DIN12-25
J 814;R10,N068;813;34.417;90;3.81;DIN12-24
J 815;R12,N068;814;34.4593;110;4.6567;DIN12-23
J 816;R9,N068;815;34.5017;80;3.3867;DIN12-21
J 817;R1,N069;816;34.544;0;0;DIN12-05
J 818;R5,N069;817;34.5863;40;1.6933;DIN12-07
J 819;R2,N069;818;34.6287;10;0.4233;DIN12-16
J 820;R4,N069;819;34.671;30;1.27;DIN12-15
J 821;R6,N069;820;34.7133;50;2.1167;DIN12-14
J 822;R3,N069;821;34.7557;20;0.8467;DIN12-06
J 823;R7,N069;822;34.798;60;2.54;DIN12-08
J 824;R11,N069;823;34.8403;100;4.2333;DIN12-10
J 825;R8,N069;824;34.8827;70;2.9633;DIN12-13
J 826;R10,N069;825;34.925;90;3.81;DIN12-12
J 827;R12,N069;826;34.9673;110;4.6567;DIN12-11
J 828;R9,N069;827;35.0097;80;3.3867;DIN12-09
J 829;R1,N070;828;35.052;0;0;DIN13-57
J 830;R5,N070;829;35.0943;40;1.6933;DIN13-59
J 831;R2,N070;830;35.1367;10;0.4233;DIN12-04
J 832;R4,N070;831;35.179;30;1.27;DIN12-03
J 833;R6,N070;832;35.2213;50;2.1167;DIN12-02
J 834;R3,N070;833;35.2637;20;0.8467;DIN13-58
J 835;R7,N070;834;35.306;60;2.54;DIN13-60
J 836;R11,N070;835;35.3483;100;4.2333;DIN13-62
J 837;R8,N070;836;35.3907;70;2.9633;DIN12-01
J 838;R10,N070;837;35.433;90;3.81;DIN13-64
J 839;R12,N070;838;35.4753;110;4.6567;DIN13-63
J 840;R9,N070;839;35.5177;80;3.3867;DIN13-61
J 841;R1,N071;840;35.56;0;0;DIN13-45
J 842;R5,N071;841;35.6023;40;1.6933;DIN13-47
J 843;R2,N071;842;35.6447;10;0.4233;DIN13-56
J 844;R4,N071;843;35.687;30;1.27;DIN13-55
J 845;R6,N071;844;35.7293;50;2.1167;DIN13-54
J 846;R3,N071;845;35.7717;20;0.8467;DIN13-46
J 847;R7,N071;846;35.814;60;2.54;DIN13-48
J 848;R11,N071;847;35.8563;100;4.2333;DIN13-50
J 849;R8,N071;848;35.8987;70;2.9633;DIN13-53
J 850;R10,N071;849;35.941;90;3.81;DIN13-52
J 851;R12,N071;850;35.9833;110;4.6567;DIN13-51
J 852;R9,N071;851;36.0257;80;3.3867;DIN13-49
J 853;R1,N072;852;36.068;0;0;DIN13-33
J 854;R5,N072;853;36.1103;40;1.6933;DIN13-35
J 855;R2,N072;854;36.1527;10;0.4233;DIN13-44
J 856;R4,N072;855;36.195;30;1.27;DIN13-43
J 857;R6,N072;856;36.2373;50;2.1167;DIN13-42
J 858;R3,N072;857;36.2797;20;0.8467;DIN13-34
J 859;R7,N072;858;36.322;60;2.54;DIN13-36
J 860;R11,N072;859;36.3643;100;4.2333;DIN13-38
J 861;R8,N072;860;36.4067;70;2.9633;DIN13-41
J 862;R10,N072;861;36.449;90;3.81;DIN13-40
J 863;R12,N072;862;36.4913;110;4.6567;DIN13-39
J 864;R9,N072;863;36.5337;80;3.3867;DIN13-37
J 865;R1,N073;864;36.576;0;0;DIN13-21
J 866;R5,N073;865;36.6183;40;1.6933;DIN13-23
J 867;R2,N073;866;36.6607;10;0.4233;DIN13-32
J 868;R4,N073;867;36.703;30;1.27;DIN13-31
J 869;R6,N073;868;36.7453;50;2.1167;DIN13-30
J 870;R3,N073;869;36.7877;20;0.8467;DIN13-22
J 871;R7,N073;870;36.83;60;2.54;DIN13-24
J 872;R11,N073;871;36.8723;100;4.2333;DIN13-26
J 873;R8,N073;872;36.9147;70;2.9633;DIN13-29
J 874;R10,N073;873;36.957;90;3.81;DIN13-28
J 875;R12,N073;874;36.9993;110;4.6567;DIN13-27
J 876;R9,N073;875;37.0417;80;3.3867;DIN13-25
J 877;R1,N074;876;37.084;0;0;DIN13-09
J 878;R5,N074;877;37.1263;40;1.6933;DIN13-11
J 879;R2,N074;878;37.1687;10;0.4233;DIN13-20
J 880;R4,N074;879;37.211;30;1.27;DIN13-19
J 881;R6,N074;880;37.2533;50;2.1167;DIN13-18
J 882;R3,N074;881;37.2957;20;0.8467;DIN13-10
J 883;R7,N074;882;37.338;60;2.54;DIN13-12
J 884;R11,N074;883;37.3803;100;4.2333;DIN13-14
J 885;R8,N074;884;37.4227;70;2.9633;DIN13-17
J 886;R10,N074;885;37.465;90;3.81;DIN13-16
J 887;R12,N074;886;37.5073;110;4.6567;DIN13-15
J 888;R9,N074;887;37.5497;80;3.3867;DIN13-13
J 889;R1,N075;888;37.592;0;0;DIN14-61
J 890;R5,N075;889;37.6343;40;1.6933;DIN14-63
J 891;R2,N075;890;37.6767;10;0.4233;DIN13-08
J 892;R4,N075;891;37.719;30;1.27;DIN13-07
J 893;R6,N075;892;37.7613;50;2.1167;DIN13-06
J 894;R3,N075;893;37.8037;20;0.8467;DIN14-62
J 895;R7,N075;894;37.846;60;2.54;DIN14-64
J 896;R11,N075;895;37.8883;100;4.2333;DIN13-02
J 897;R8,N075;896;37.9307;70;2.9633;DIN13-05
J 898;R10,N075;897;37.973;90;3.81;DIN13-04
J 899;R12,N075;898;38.0153;110;4.6567;DIN13-03
J 900;R9,N075;899;38.0577;80;3.3867;DIN13-01
J 901;R1,N076;900;38.1;0;0;DIN14-49
J 902;R5,N076;901;38.1423;40;1.6933;DIN14-51
J 903;R2,N076;902;38.1847;10;0.4233;DIN14-60
J 904;R4,N076;903;38.227;30;1.27;DIN14-59
J 905;R6,N076;904;38.2693;50;2.1167;DIN14-58
J 906;R3,N076;905;38.3117;20;0.8467;DIN14-50
J 907;R7,N076;906;38.354;60;2.54;DIN14-52
J 908;R11,N076;907;38.3963;100;4.2333;DIN14-54
J 909;R8,N076;908;38.4387;70;2.9633;DIN14-57
J 910;R10,N076;909;38.481;90;3.81;DIN14-56
J 911;R12,N076;910;38.5233;110;4.6567;DIN14-55
J 912;R9,N076;911;38.5657;80;3.3867;DIN14-53
J 913;R1,N077;912;38.608;0;0;DIN14-37
J 914;R5,N077;913;38.6503;40;1.6933;DIN14-39
J 915;R2,N077;914;38.6927;10;0.4233;DIN14-48
J 916;R4,N077;915;38.735;30;1.27;DIN14-47
J 917;R6,N077;916;38.7773;50;2.1167;DIN14-46
J 918;R3,N077;917;38.8197;20;0.8467;DIN14-38
J 919;R7,N077;918;38.862;60;2.54;DIN14-40
J 920;R11,N077;919;38.9043;100;4.2333;DIN14-42
J 921;R8,N077;920;38.9467;70;2.9633;DIN14-45
J 922;R10,N077;921;38.989;90;3.81;DIN14-44
J 923;R12,N077;922;39.0313;110;4.6567;DIN14-43
J 924;R9,N077;923;39.0737;80;3.3867;DIN14-41
J 925;R1,N078;924;39.116;0;0;DIN14-25
J 926;R5,N078;925;39.1583;40;1.6933;DIN14-27
J 927;R2,N078;926;39.2007;10;0.4233;DIN14-36
J 928;R4,N078;927;39.243;30;1.27;DIN14-35
J 929;R6,N078;928;39.2853;50;2.1167;DIN14-34
J 930;R3,N078;929;39.3277;20;0.8467;DIN14-26
J 931;R7,N078;930;39.37;60;2.54;DIN14-28
J 932;R11,N078;931;39.4123;100;4.2333;DIN14-30
J 933;R8,N078;932;39.4547;70;2.9633;DIN14-33
J 934;R10,N078;933;39.497;90;3.81;DIN14-32
J 935;R12,N078;934;39.5393;110;4.6567;DIN14-31
J 936;R9,N078;935;39.5817;80;3.3867;DIN14-29
J 937;R1,N079;936;39.624;0;0;DIN14-13
J 938;R5,N079;937;39.6663;40;1.6933;DIN14-15
J 939;R2,N079;938;39.7087;10;0.4233;DIN14-24
J 940;R4,N079;939;39.751;30;1.27;DIN14-23
J 941;R6,N079;940;39.7933;50;2.1167;DIN14-22
J 942;R3,N079;941;39.8357;20;0.8467;DIN14-14
J 943;R7,N079;942;39.878;60;2.54;DIN14-16
J 944;R11,N079;943;39.9203;100;4.2333;DIN14-18
J 945;R8,N079;944;39.9627;70;2.9633;DIN14-21
J 946;R10,N079;945;40.005;90;3.81;DIN14-20
J 947;R12,N079;946;40.0473;110;4.6567;DIN14-19
J 948;R9,N079;947;40.0897;80;3.3867;DIN14-17
J 949;R1,N080;948;40.132;0;0;DIN14-01
J 950;R5,N080;949;40.1743;40;1.6933;DIN14-03
J 951;R2,N080;950;40.2167;10;0.4233;DIN14-12
J 952;R4,N080;951;40.259;30;1.27;DIN14-11
J 953;R6,N080;952;40.3013;50;2.1167;DIN14-10
J 954;R3,N080;953;40.3437;20;0.8467;DIN14-02
J 955;R7,N080;954;40.386;60;2.54;DIN14-04
J 956;R11,N080;955;40.4283;100;4.2333;DIN14-06
J 957;R8,N080;956;40.4707;70;2.9633;DIN14-09
J 958;R10,N080;957;40.513;90;3.81;DIN14-08
J 959;R12,N080;958;40.5553;110;4.6567;DIN14-07
J 960;R9,N080;959;40.5977;80;3.3867;DIN14-05
J 961;R1,N081;960;40.64;0;0;DIN15-53
J 962;R5,N081;961;40.6823;40;1.6933;DIN15-55
J 963;R2,N081;962;40.7247;10;0.4233;DIN15-64
J 964;R4,N081;963;40.767;30;1.27;DIN15-63
J 965;R6,N081;964;40.8093;50;2.1167;DIN15-62
J 966;R3,N081;965;40.8517;20;0.8467;DIN15-54
J 967;R7,N081;966;40.894;60;2.54;DIN15-56
J 968;R11,N081;967;40.9363;100;4.2333;DIN15-58
J 969;R8,N081;968;40.9787;70;2.9633;DIN15-61
J 970;R10,N081;969;41.021;90;3.81;DIN15-60
J 971;R12,N081;970;41.0633;110;4.6567;DIN15-59
J 972;R9,N081;971;41.1057;80;3.3867;DIN15-57
J 973;R1,N082;972;41.148;0;0;DIN15-41
J 974;R5,N082;973;41.1903;40;1.6933;DIN15-43
J 975;R2,N082;974;41.2327;10;0.4233;DIN15-52
J 976;R4,N082;975;41.275;30;1.27;DIN15-51
J 977;R6,N082;976;41.3173;50;2.1167;DIN15-50
J 978;R3,N082;977;41.3597;20;0.8467;DIN15-42
J 979;R7,N082;978;41.402;60;2.54;DIN15-44
J 980;R11,N082;979;41.4443;100;4.2333;DIN15-46
J 981;R8,N082;980;41.4867;70;2.9633;DIN15-49
J 982;R10,N082;981;41.529;90;3.81;DIN15-48
J 983;R12,N082;982;41.5713;110;4.6567;DIN15-47
J 984;R9,N082;983;41.6137;80;3.3867;DIN15-45
J 985;R1,N083;984;41.656;0;0;DIN15-29
J 986;R5,N083;985;41.6983;40;1.6933;DIN15-31
J 987;R2,N083;986;41.7407;10;0.4233;DIN15-40
J 988;R4,N083;987;41.783;30;1.27;DIN15-39
J 989;R6,N083;988;41.8253;50;2.1167;DIN15-38
J 990;R3,N083;989;41.8677;20;0.8467;DIN15-30
J 991;R7,N083;990;41.91;60;2.54;DIN15-32
J 992;R11,N083;991;41.9523;100;4.2333;DIN15-34
J 993;R8,N083;992;41.9947;70;2.9633;DIN15-37
J 994;R10,N083;993;42.037;90;3.81;DIN15-36
J 995;R12,N083;994;42.0793;110;4.6567;DIN15-35
J 996;R9,N083;995;42.1217;80;3.3867;DIN15-33
J 997;R1,N084;996;42.164;0;0;DIN15-17
J 998;R5,N084;997;42.2063;40;1.6933;DIN15-19
J 999;R2,N084;998;42.2487;10;0.4233;DIN15-28
J 1000;R4,N084;999;42.291;30;1.27;DIN15-27
J 1001;R6,N084;1000;42.3333;50;2.1167;DIN15-26
J 1002;R3,N084;1001;42.3757;20;0.8467;DIN15-18
J 1003;R7,N084;1002;42.418;60;2.54;DIN15-20
J 1004;R11,N084;1003;42.4603;100;4.2333;DIN15-22
J 1005;R8,N084;1004;42.5027;70;2.9633;DIN15-25
J 1006;R10,N084;1005;42.545;90;3.81;DIN15-24
J 1007;R12,N084;1006;42.5873;110;4.6567;DIN15-23
J 1008;R9,N084;1007;42.6297;80;3.3867;DIN15-21
J 1009;R1,N085;1008;42.672;0;0;DIN15-05
J 1010;R5,N085;1009;42.7143;40;1.6933;DIN15-07
J 1011;R2,N085;1010;42.7567;10;0.4233;DIN15-16
J 1012;R4,N085;1011;42.799;30;1.27;DIN15-15
J 1013;R6,N085;1012;42.8413;50;2.1167;DIN15-14
J 1014;R3,N085;1013;42.8837;20;0.8467;DIN15-06
J 1015;R7,N085;1014;42.926;60;2.54;DIN15-08
J 1016;R11,N085;1015;42.9683;100;4.2333;DIN15-10
J 1017;R8,N085;1016;43.0107;70;2.9633;DIN15-13
J 1018;R10,N085;1017;43.053;90;3.81;DIN15-12
J 1019;R12,N085;1018;43.0953;110;4.6567;DIN15-11
J 1020;R9,N085;1019;43.1377;80;3.3867;DIN15-09
J 1021;R1,N086;1020;43.18;0;0;DIN16-57
J 1022;R5,N086;1021;43.2223;40;1.6933;DIN16-59
J 1023;R2,N086;1022;43.2647;10;0.4233;DIN15-04
J 1024;R4,N086;1023;43.307;30;1.27;DIN15-03
J 1025;R6,N086;1024;43.3493;50;2.1167;DIN15-02
J 1026;R3,N086;1025;43.3917;20;0.8467;DIN16-58
J 1027;R7,N086;1026;43.434;60;2.54;DIN16-60
J 1028;R11,N086;1027;43.4763;100;4.2333;DIN16-62
J 1029;R8,N086;1028;43.5187;70;2.9633;DIN15-01
J 1030;R10,N086;1029;43.561;90;3.81;DIN16-64
J 1031;R12,N086;1030;43.6033;110;4.6567;DIN16-63
J 1032;R9,N086;1031;43.6457;80;3.3867;DIN16-61
J 1033;R1,N087;1032;43.688;0;0;DIN16-45
J 1034;R5,N087;1033;43.7303;40;1.6933;DIN16-47
J 1035;R2,N087;1034;43.7727;10;0.4233;DIN16-56
J 1036;R4,N087;1035;43.815;30;1.27;DIN16-55
J 1037;R6,N087;1036;43.8573;50;2.1167;DIN16-54
J 1038;R3,N087;1037;43.8997;20;0.8467;DIN16-46
J 1039;R7,N087;1038;43.942;60;2.54;DIN16-48
J 1040;R11,N087;1039;43.9843;100;4.2333;DIN16-50
J 1041;R8,N087;1040;44.0267;70;2.9633;DIN16-53
J 1042;R10,N087;1041;44.069;90;3.81;DIN16-52
J 1043;R12,N087;1042;44.1113;110;4.6567;DIN16-51
J 1044;R9,N087;1043;44.1537;80;3.3867;DIN16-49
J 1045;R1,N088;1044;44.196;0;0;DIN16-33
J 1046;R5,N088;1045;44.2383;40;1.6933;DIN16-35
J 1047;R2,N088;1046;44.2807;10;0.4233;DIN16-44
J 1048;R4,N088;1047;44.323;30;1.27;DIN16-43
J 1049;R6,N088;1048;44.3653;50;2.1167;DIN16-42
J 1050;R3,N088;1049;44.4077;20;0.8467;DIN16-34
J 1051;R7,N088;1050;44.45;60;2.54;DIN16-36
J 1052;R11,N088;1051;44.4923;100;4.2333;DIN16-38
J 1053;R8,N088;1052;44.5347;70;2.9633;DIN16-41
J 1054;R10,N088;1053;44.577;90;3.81;DIN16-40
J 1055;R12,N088;1054;44.6193;110;4.6567;DIN16-39
J 1056;R9,N088;1055;44.6617;80;3.3867;DIN16-37
J 1057;R1,N089;1056;44.704;0;0;DIN16-21
J 1058;R5,N089;1057;44.7463;40;1.6933;DIN16-23
J 1059;R2,N089;1058;44.7887;10;0.4233;DIN16-32
J 1060;R4,N089;1059;44.831;30;1.27;DIN16-31
J 1061;R6,N089;1060;44.8733;50;2.1167;DIN16-30
J 1062;R3,N089;1061;44.9157;20;0.8467;DIN16-22
J 1063;R7,N089;1062;44.958;60;2.54;DIN16-24
J 1064;R11,N089;1063;45.0003;100;4.2333;DIN16-26
J 1065;R8,N089;1064;45.0427;70;2.9633;DIN16-29
J 1066;R10,N089;1065;45.085;90;3.81;DIN16-28
J 1067;R12,N089;1066;45.1273;110;4.6567;DIN16-27
J 1068;R9,N089;1067;45.1697;80;3.3867;DIN16-25
J 1069;R1,N090;1068;45.212;0;0;DIN16-09
J 1070;R5,N090;1069;45.2543;40;1.6933;DIN16-11
J 1071;R2,N090;1070;45.2967;10;0.4233;DIN16-20
J 1072;R4,N090;1071;45.339;30;1.27;DIN16-19
J 1073;R6,N090;1072;45.3813;50;2.1167;DIN16-18
J 1074;R3,N090;1073;45.4237;20;0.8467;DIN16-10
J 1075;R7,N090;1074;45.466;60;2.54;DIN16-12
J 1076;R11,N090;1075;45.5083;100;4.2333;DIN16-14
J 1077;R8,N090;1076;45.5507;70;2.9633;DIN16-17
J 1078;R10,N090;1077;45.593;90;3.81;DIN16-16
J 1079;R12,N090;1078;45.6353;110;4.6567;DIN16-15
J 1080;R9,N090;1079;45.6777;80;3.3867;DIN16-13
J 1081;R1,N091;1080;45.72;0;0;DIN17-61
J 1082;R5,N091;1081;45.7623;40;1.6933;DIN17-63
J 1083;R2,N091;1082;45.8047;10;0.4233;DIN16-08
J 1084;R4,N091;1083;45.847;30;1.27;DIN16-07
J 1085;R6,N091;1084;45.8893;50;2.1167;DIN16-06
J 1086;R3,N091;1085;45.9317;20;0.8467;DIN17-62
J 1087;R7,N091;1086;45.974;60;2.54;DIN17-64
J 1088;R11,N091;1087;46.0163;100;4.2333;DIN16-02
J 1089;R8,N091;1088;46.0587;70;2.9633;DIN16-05
J 1090;R10,N091;1089;46.101;90;3.81;DIN16-04
J 1091;R12,N091;1090;46.1433;110;4.6567;DIN16-03
J 1092;R9,N091;1091;46.1857;80;3.3867;DIN16-01
J 1093;R1,N092;1092;46.228;0;0;DIN17-49
J 1094;R5,N092;1093;46.2703;40;1.6933;DIN17-51
J 1095;R2,N092;1094;46.3127;10;0.4233;DIN17-60
J 1096;R4,N092;1095;46.355;30;1.27;DIN17-59
J 1097;R6,N092;1096;46.3973;50;2.1167;DIN17-58
J 1098;R3,N092;1097;46.4397;20;0.8467;DIN17-50
J 1099;R7,N092;1098;46.482;60;2.54;DIN17-52
J 1100;R11,N092;1099;46.5243;100;4.2333;DIN17-54
J 1101;R8,N092;1100;46.5667;70;2.9633;DIN17-57
J 1102;R10,N092;1101;46.609;90;3.81;DIN17-56
J 1103;R12,N092;1102;46.6513;110;4.6567;DIN17-55
J 1104;R9,N092;1103;46.6937;80;3.3867;DIN17-53
J 1105;R1,N093;1104;46.736;0;0;DIN17-37
J 1106;R5,N093;1105;46.7783;40;1.6933;DIN17-39
J 1107;R2,N093;1106;46.8207;10;0.4233;DIN17-48
J 1108;R4,N093;1107;46.863;30;1.27;DIN17-47
J 1109;R6,N093;1108;46.9053;50;2.1167;DIN17-46
J 1110;R3,N093;1109;46.9477;20;0.8467;DIN17-38
J 1111;R7,N093;1110;46.99;60;2.54;DIN17-40
J 1112;R11,N093;1111;47.0323;100;4.2333;DIN17-42
J 1113;R8,N093;1112;47.0747;70;2.9633;DIN17-45
J 1114;R10,N093;1113;47.117;90;3.81;DIN17-44
J 1115;R12,N093;1114;47.1593;110;4.6567;DIN17-43
J 1116;R9,N093;1115;47.2017;80;3.3867;DIN17-41
J 1117;R1,N094;1116;47.244;0;0;DIN17-25
J 1118;R5,N094;1117;47.2863;40;1.6933;DIN17-27
J 1119;R2,N094;1118;47.3287;10;0.4233;DIN17-36
J 1120;R4,N094;1119;47.371;30;1.27;DIN17-35
J 1121;R6,N094;1120;47.4133;50;2.1167;DIN17-34
J 1122;R3,N094;1121;47.4557;20;0.8467;DIN17-26
J 1123;R7,N094;1122;47.498;60;2.54;DIN17-28
J 1124;R11,N094;1123;47.5403;100;4.2333;DIN17-30
J 1125;R8,N094;1124;47.5827;70;2.9633;DIN17-33
J 1126;R10,N094;1125;47.625;90;3.81;DIN17-32
J 1127;R12,N094;1126;47.6673;110;4.6567;DIN17-31
J 1128;R9,N094;1127;47.7097;80;3.3867;DIN17-29
J 1129;R1,N095;1128;47.752;0;0;DIN17-13
J 1130;R5,N095;1129;47.7943;40;1.6933;DIN17-15
J 1131;R2,N095;1130;47.8367;10;0.4233;DIN17-24
J 1132;R4,N095;1131;47.879;30;1.27;DIN17-23
J 1133;R6,N095;1132;47.9213;50;2.1167;DIN17-22
J 1134;R3,N095;1133;47.9637;20;0.8467;DIN17-14
J 1135;R7,N095;1134;48.006;60;2.54;DIN17-16
J 1136;R11,N095;1135;48.0483;100;4.2333;DIN17-18
J 1137;R8,N095;1136;48.0907;70;2.9633;DIN17-21
J 1138;R10,N095;1137;48.133;90;3.81;DIN17-20
J 1139;R12,N095;1138;48.1753;110;4.6567;DIN17-19
J 1140;R9,N095;1139;48.2177;80;3.3867;DIN17-17
J 1141;R1,N096;1140;48.26;0;0;DIN17-01
J 1142;R5,N096;1141;48.3023;40;1.6933;DIN17-03
J 1143;R2,N096;1142;48.3447;10;0.4233;DIN17-12
J 1144;R4,N096;1143;48.387;30;1.27;DIN17-11
J 1145;R6,N096;1144;48.4293;50;2.1167;DIN17-10
J 1146;R3,N096;1145;48.4717;20;0.8467;DIN17-02
J 1147;R7,N096;1146;48.514;60;2.54;DIN17-04
J 1148;R11,N096;1147;48.5563;100;4.2333;DIN17-06
J 1149;R8,N096;1148;48.5987;70;2.9633;DIN17-09
J 1150;R10,N096;1149;48.641;90;3.81;DIN17-08
J 1151;R12,N096;1150;48.6833;110;4.6567;DIN17-07
J 1152;R9,N096;1151;48.7257;80;3.3867;DIN17-05
J 1153;R1,N097;1152;48.768;0;0;DIN18-53
J 1154;R5,N097;1153;48.8103;40;1.6933;DIN18-55
J 1155;R2,N097;1154;48.8527;10;0.4233;DIN18-64
J 1156;R4,N097;1155;48.895;30;1.27;DIN18-63
J 1157;R6,N097;1156;48.9373;50;2.1167;DIN18-62
J 1158;R3,N097;1157;48.9797;20;0.8467;DIN18-54
J 1159;R7,N097;1158;49.022;60;2.54;DIN18-56
J 1160;R11,N097;1159;49.0643;100;4.2333;DIN18-58
J 1161;R8,N097;1160;49.1067;70;2.9633;DIN18-61
J 1162;R10,N097;1161;49.149;90;3.81;DIN18-60
J 1163;R12,N097;1162;49.1913;110;4.6567;DIN18-59
J 1164;R9,N097;1163;49.2337;80;3.3867;DIN18-57
J 1165;R1,N098;1164;49.276;0;0;DIN18-41
J 1166;R5,N098;1165;49.3183;40;1.6933;DIN18-43
J 1167;R2,N098;1166;49.3607;10;0.4233;DIN18-52
J 1168;R4,N098;1167;49.403;30;1.27;DIN18-51
J 1169;R6,N098;1168;49.4453;50;2.1167;DIN18-50
J 1170;R3,N098;1169;49.4877;20;0.8467;DIN18-42
J 1171;R7,N098;1170;49.53;60;2.54;DIN18-44
J 1172;R11,N098;1171;49.5723;100;4.2333;DIN18-46
J 1173;R8,N098;1172;49.6147;70;2.9633;DIN18-49
J 1174;R10,N098;1173;49.657;90;3.81;DIN18-48
J 1175;R12,N098;1174;49.6993;110;4.6567;DIN18-47
J 1176;R9,N098;1175;49.7417;80;3.3867;DIN18-45
J 1177;R1,N099;1176;49.784;0;0;DIN18-29
J 1178;R5,N099;1177;49.8263;40;1.6933;DIN18-31
J 1179;R2,N099;1178;49.8687;10;0.4233;DIN18-40
J 1180;R4,N099;1179;49.911;30;1.27;DIN18-39
J 1181;R6,N099;1180;49.9533;50;2.1167;DIN18-38
J 1182;R3,N099;1181;49.9957;20;0.8467;DIN18-30
J 1183;R7,N099;1182;50.038;60;2.54;DIN18-32
J 1184;R11,N099;1183;50.0803;100;4.2333;DIN18-34
J 1185;R8,N099;1184;50.1227;70;2.9633;DIN18-37
J 1186;R10,N099;1185;50.165;90;3.81;DIN18-36
J 1187;R12,N099;1186;50.2073;110;4.6567;DIN18-35
J 1188;R9,N099;1187;50.2497;80;3.3867;DIN18-33
J 1189;R1,N100;1188;50.292;0;0;DIN18-17
J 1190;R5,N100;1189;50.3343;40;1.6933;DIN18-19
J 1191;R2,N100;1190;50.3767;10;0.4233;DIN18-28
J 1192;R4,N100;1191;50.419;30;1.27;DIN18-27
J 1193;R6,N100;1192;50.4613;50;2.1167;DIN18-26
J 1194;R3,N100;1193;50.5037;20;0.8467;DIN18-18
J 1195;R7,N100;1194;50.546;60;2.54;DIN18-20
J 1196;R11,N100;1195;50.5883;100;4.2333;DIN18-22
J 1197;R8,N100;1196;50.6307;70;2.9633;DIN18-25
J 1198;R10,N100;1197;50.673;90;3.81;DIN18-24
J 1199;R12,N100;1198;50.7153;110;4.6567;DIN18-23
J 1200;R9,N100;1199;50.7577;80;3.3867;DIN18-21
J 1201;R1,N101;1200;50.8;0;0;DIN18-05
J 1202;R5,N101;1201;50.8423;40;1.6933;DIN18-07
J 1203;R2,N101;1202;50.8847;10;0.4233;DIN18-16
J 1204;R4,N101;1203;50.927;30;1.27;DIN18-15
J 1205;R6,N101;1204;50.9693;50;2.1167;DIN18-14
J 1206;R3,N101;1205;51.0117;20;0.8467;DIN18-06
J 1207;R7,N101;1206;51.054;60;2.54;DIN18-08
J 1208;R11,N101;1207;51.0963;100;4.2333;DIN18-10
J 1209;R8,N101;1208;51.1387;70;2.9633;DIN18-13
J 1210;R10,N101;1209;51.181;90;3.81;DIN18-12
J 1211;R12,N101;1210;51.2233;110;4.6567;DIN18-11
J 1212;R9,N101;1211;51.2657;80;3.3867;DIN18-09
J 1213;R1,N102;1212;51.308;0;0;DIN19-57
J 1214;R5,N102;1213;51.3503;40;1.6933;DIN19-59
J 1215;R2,N102;1214;51.3927;10;0.4233;DIN18-04
J 1216;R4,N102;1215;51.435;30;1.27;DIN18-03
J 1217;R6,N102;1216;51.4773;50;2.1167;DIN18-02
J 1218;R3,N102;1217;51.5197;20;0.8467;DIN19-58
J 1219;R7,N102;1218;51.562;60;2.54;DIN19-60
J 1220;R11,N102;1219;51.6043;100;4.2333;DIN19-62
J 1221;R8,N102;1220;51.6467;70;2.9633;DIN18-01
J 1222;R10,N102;1221;51.689;90;3.81;DIN19-64
J 1223;R12,N102;1222;51.7313;110;4.6567;DIN19-63
J 1224;R9,N102;1223;51.7737;80;3.3867;DIN19-61
J 1225;R1,N103;1224;51.816;0;0;DIN19-45
J 1226;R5,N103;1225;51.8583;40;1.6933;DIN19-47
J 1227;R2,N103;1226;51.9007;10;0.4233;DIN19-56
J 1228;R4,N103;1227;51.943;30;1.27;DIN19-55
J 1229;R6,N103;1228;51.9853;50;2.1167;DIN19-54
J 1230;R3,N103;1229;52.0277;20;0.8467;DIN19-46
J 1231;R7,N103;1230;52.07;60;2.54;DIN19-48
J 1232;R11,N103;1231;52.1123;100;4.2333;DIN19-50
J 1233;R8,N103;1232;52.1547;70;2.9633;DIN19-53
J 1234;R10,N103;1233;52.197;90;3.81;DIN19-52
J 1235;R12,N103;1234;52.2393;110;4.6567;DIN19-51
J 1236;R9,N103;1235;52.2817;80;3.3867;DIN19-49
J 1237;R1,N104;1236;52.324;0;0;DIN19-33
J 1238;R5,N104;1237;52.3663;40;1.6933;DIN19-35
J 1239;R2,N104;1238;52.4087;10;0.4233;DIN19-44
J 1240;R4,N104;1239;52.451;30;1.27;DIN19-43
J 1241;R6,N104;1240;52.4933;50;2.1167;DIN19-42
J 1242;R3,N104;1241;52.5357;20;0.8467;DIN19-34
J 1243;R7,N104;1242;52.578;60;2.54;DIN19-36
J 1244;R11,N104;1243;52.6203;100;4.2333;DIN19-38
J 1245;R8,N104;1244;52.6627;70;2.9633;DIN19-41
J 1246;R10,N104;1245;52.705;90;3.81;DIN19-40
J 1247;R12,N104;1246;52.7473;110;4.6567;DIN19-39
J 1248;R9,N104;1247;52.7897;80;3.3867;DIN19-37
J 1249;R1,N105;1248;52.832;0;0;DIN19-21
J 1250;R5,N105;1249;52.8743;40;1.6933;DIN19-23
J 1251;R2,N105;1250;52.9167;10;0.4233;DIN19-32
J 1252;R4,N105;1251;52.959;30;1.27;DIN19-31
J 1253;R6,N105;1252;53.0013;50;2.1167;DIN19-30
J 1254;R3,N105;1253;53.0437;20;0.8467;DIN19-22
J 1255;R7,N105;1254;53.086;60;2.54;DIN19-24
J 1256;R11,N105;1255;53.1283;100;4.2333;DIN19-26
J 1257;R8,N105;1256;53.1707;70;2.9633;DIN19-29
J 1258;R10,N105;1257;53.213;90;3.81;DIN19-28
J 1259;R12,N105;1258;53.2553;110;4.6567;DIN19-27
J 1260;R9,N105;1259;53.2977;80;3.3867;DIN19-25
J 1261;R1,N106;1260;53.34;0;0;DIN19-09
J 1262;R5,N106;1261;53.3823;40;1.6933;DIN19-11
J 1263;R2,N106;1262;53.4247;10;0.4233;DIN19-20
J 1264;R4,N106;1263;53.467;30;1.27;DIN19-19
J 1265;R6,N106;1264;53.5093;50;2.1167;DIN19-18
J 1266;R3,N106;1265;53.5517;20;0.8467;DIN19-10
J 1267;R7,N106;1266;53.594;60;2.54;DIN19-12
J 1268;R11,N106;1267;53.6363;100;4.2333;DIN19-14
J 1269;R8,N106;1268;53.6787;70;2.9633;DIN19-17
J 1270;R10,N106;1269;53.721;90;3.81;DIN19-16
J 1271;R12,N106;1270;53.7633;110;4.6567;DIN19-15
J 1272;R9,N106;1271;53.8057;80;3.3867;DIN19-13
J 1273;R1,N107;1272;53.848;0;0;DIN20-61
J 1274;R5,N107;1273;53.8903;40;1.6933;DIN20-63
J 1275;R2,N107;1274;53.9327;10;0.4233;DIN19-08
J 1276;R4,N107;1275;53.975;30;1.27;DIN19-07
J 1277;R6,N107;1276;54.0173;50;2.1167;DIN19-06
J 1278;R3,N107;1277;54.0597;20;0.8467;DIN20-62
J 1279;R7,N107;1278;54.102;60;2.54;DIN20-64
J 1280;R11,N107;1279;54.1443;100;4.2333;DIN19-02
J 1281;R8,N107;1280;54.1867;70;2.9633;DIN19-05
J 1282;R10,N107;1281;54.229;90;3.81;DIN19-04
J 1283;R12,N107;1282;54.2713;110;4.6567;DIN19-03
J 1284;R9,N107;1283;54.3137;80;3.3867;DIN19-01
J 1285;R1,N108;1284;54.356;0;0;DIN20-49
J 1286;R5,N108;1285;54.3983;40;1.6933;DIN20-51
J 1287;R2,N108;1286;54.4407;10;0.4233;DIN20-60
J 1288;R4,N108;1287;54.483;30;1.27;DIN20-59
J 1289;R6,N108;1288;54.5253;50;2.1167;DIN20-58
J 1290;R3,N108;1289;54.5677;20;0.8467;DIN20-50
J 1291;R7,N108;1290;54.61;60;2.54;DIN20-52
J 1292;R11,N108;1291;54.6523;100;4.2333;DIN20-54
J 1293;R8,N108;1292;54.6947;70;2.9633;DIN20-57
J 1294;R10,N108;1293;54.737;90;3.81;DIN20-56
J 1295;R12,N108;1294;54.7793;110;4.6567;DIN20-55
J 1296;R9,N108;1295;54.8217;80;3.3867;DIN20-53
J 1297;R1,N109;1296;54.864;0;0;DIN20-37
J 1298;R5,N109;1297;54.9063;40;1.6933;DIN20-39
J 1299;R2,N109;1298;54.9487;10;0.4233;DIN20-48
J 1300;R4,N109;1299;54.991;30;1.27;DIN20-47
J 1301;R6,N109;1300;55.0333;50;2.1167;DIN20-46
J 1302;R3,N109;1301;55.0757;20;0.8467;DIN20-38
J 1303;R7,N109;1302;55.118;60;2.54;DIN20-40
J 1304;R11,N109;1303;55.1603;100;4.2333;DIN20-42
J 1305;R8,N109;1304;55.2027;70;2.9633;DIN20-45
J 1306;R10,N109;1305;55.245;90;3.81;DIN20-44
J 1307;R12,N109;1306;55.2873;110;4.6567;DIN20-43
J 1308;R9,N109;1307;55.3297;80;3.3867;DIN20-41
J 1309;R1,N110;1308;55.372;0;0;DIN20-25
J 1310;R5,N110;1309;55.4143;40;1.6933;DIN20-27
J 1311;R2,N110;1310;55.4567;10;0.4233;DIN20-36
J 1312;R4,N110;1311;55.499;30;1.27;DIN20-35
J 1313;R6,N110;1312;55.5413;50;2.1167;DIN20-34
J 1314;R3,N110;1313;55.5837;20;0.8467;DIN20-26
J 1315;R7,N110;1314;55.626;60;2.54;DIN20-28
J 1316;R11,N110;1315;55.6683;100;4.2333;DIN20-30
J 1317;R8,N110;1316;55.7107;70;2.9633;DIN20-33
J 1318;R10,N110;1317;55.753;90;3.81;DIN20-32
J 1319;R12,N110;1318;55.7953;110;4.6567;DIN20-31
J 1320;R9,N110;1319;55.8377;80;3.3867;DIN20-29
J 1321;R1,N111;1320;55.88;0;0;DIN20-13
J 1322;R5,N111;1321;55.9223;40;1.6933;DIN20-15
J 1323;R2,N111;1322;55.9647;10;0.4233;DIN20-24
J 1324;R4,N111;1323;56.007;30;1.27;DIN20-23
J 1325;R6,N111;1324;56.0493;50;2.1167;DIN20-22
J 1326;R3,N111;1325;56.0917;20;0.8467;DIN20-14
J 1327;R7,N111;1326;56.134;60;2.54;DIN20-16
J 1328;R11,N111;1327;56.1763;100;4.2333;DIN20-18
J 1329;R8,N111;1328;56.2187;70;2.9633;DIN20-21
J 1330;R10,N111;1329;56.261;90;3.81;DIN20-20
J 1331;R12,N111;1330;56.3033;110;4.6567;DIN20-19
J 1332;R9,N111;1331;56.3457;80;3.3867;DIN20-17
J 1333;R1,N112;1332;56.388;0;0;DIN20-01
J 1334;R5,N112;1333;56.4303;40;1.6933;DIN20-03
J 1335;R2,N112;1334;56.4727;10;0.4233;DIN20-12
J 1336;R4,N112;1335;56.515;30;1.27;DIN20-11
J 1337;R6,N112;1336;56.5573;50;2.1167;DIN20-10
J 1338;R3,N112;1337;56.5997;20;0.8467;DIN20-02
J 1339;R7,N112;1338;56.642;60;2.54;DIN20-04
J 1340;R11,N112;1339;56.6843;100;4.2333;DIN20-06
J 1341;R8,N112;1340;56.7267;70;2.9633;DIN20-09
J 1342;R10,N112;1341;56.769;90;3.81;DIN20-08
J 1343;R12,N112;1342;56.8113;110;4.6567;DIN20-07
J 1344;R9,N112;1343;56.8537;80;3.3867;DIN20-05
J 1345;R1,N113;1344;56.896;0;0;DIN21-53
J 1346;R5,N113;1345;56.9383;40;1.6933;DIN21-55
J 1347;R2,N113;1346;56.9807;10;0.4233;DIN21-64
J 1348;R4,N113;1347;57.023;30;1.27;DIN21-63
J 1349;R6,N113;1348;57.0653;50;2.1167;DIN21-62
J 1350;R3,N113;1349;57.1077;20;0.8467;DIN21-54
J 1351;R7,N113;1350;57.15;60;2.54;DIN21-56
J 1352;R11,N113;1351;57.1923;100;4.2333;DIN21-58
J 1353;R8,N113;1352;57.2347;70;2.9633;DIN21-61
J 1354;R10,N113;1353;57.277;90;3.81;DIN21-60
J 1355;R12,N113;1354;57.3193;110;4.6567;DIN21-59
J 1356;R9,N113;1355;57.3617;80;3.3867;DIN21-57
J 1357;R1,N114;1356;57.404;0;0;DIN21-41
J 1358;R5,N114;1357;57.4463;40;1.6933;DIN21-43
J 1359;R2,N114;1358;57.4887;10;0.4233;DIN21-52
J 1360;R4,N11;1359;57.531;30;1.27;DIN21-51
J 1361;R6,N114;1360;57.5733;50;2.1167;DIN21-50
J 1362;R3,N114;1361;57.6157;20;0.8467;DIN21-42
J 1363;R7,N114;1362;57.658;60;2.54;DIN21-44
J 1364;R11,N114;1363;57.7003;100;4.2333;DIN21-46
J 1365;R8,N114;1364;57.7427;70;2.9633;DIN21-49
J 1366;R10,N114;1365;57.785;90;3.81;DIN21-48
J 1367;R12,N114;1366;57.8273;110;4.6567;DIN21-47
J 1368;R9,N114;1367;57.8697;80;3.3867;DIN21-45
J 1369;R1,N115;1368;57.912;0;0;DIN21-29
J 1370;R5,N115;1369;57.9543;40;1.6933;DIN21-31
J 1371;R2,N115;1370;57.9967;10;0.4233;DIN21-40
J 1372;R4,N115;1371;58.039;30;1.27;DIN21-39
J 1373;R6,N115;1372;58.0813;50;2.1167;DIN21-38
J 1374;R3,N115;1373;58.1237;20;0.8467;DIN21-30
J 1375;R7,N115;1374;58.166;60;2.54;DIN21-32
J 1376;R11,N115;1375;58.2083;100;4.2333;DIN21-34
J 1377;R8,N115;1376;58.2507;70;2.9633;DIN21-37
J 1378;R10,N115;1377;58.293;90;3.81;DIN21-36
J 1379;R12,N115;1378;58.3353;110;4.6567;DIN21-35
J 1380;R9,N115;1379;58.3777;80;3.3867;DIN21-33
J 1381;R1,N116;1380;58.42;0;0;DIN21-17
J 1382;R5,N116;1381;58.4623;40;1.6933;DIN21-19
J 1383;R2,N116;1382;58.5047;10;0.4233;DIN21-28
J 1384;R4,N116;1383;58.547;30;1.27;DIN21-27
J 1385;R6,N116;1384;58.5893;50;2.1167;DIN21-26
J 1386;R3,N116;1385;58.6317;20;0.8467;DIN21-18
J 1387;R7,N116;1386;58.674;60;2.54;DIN21-20
J 1388;R11,N116;1387;58.7163;100;4.2333;DIN21-22
J 1389;R8,N116;1388;58.7587;70;2.9633;DIN21-25
J 1390;R10,N116;1389;58.801;90;3.81;DIN21-24
J 1391;R12,N116;1390;58.8433;110;4.6567;DIN21-23
J 1392;R9,N116;1391;58.8857;80;3.3867;DIN21-21
J 1393;R1,N117;1392;58.928;0;0;DIN21-05
J 1394;R5,N117;1393;58.9703;40;1.6933;DIN21-07
J 1395;R2,N117;1394;59.0127;10;0.4233;DIN21-16
J 1396;R4,N117;1395;59.055;30;1.27;DIN21-15
J 1397;R6,N117;1396;59.0973;50;2.1167;DIN21-14
J 1398;R3,N117;1397;59.1397;20;0.8467;DIN21-06
J 1399;R7,N117;1398;59.182;60;2.54;DIN21-08
J 1400;R11,N117;1399;59.2243;100;4.2333;DIN21-10
J 1401;R8,N117;1400;59.2667;70;2.9633;DIN21-13
J 1402;R10,N117;1401;59.309;90;3.81;DIN21-12
J 1403;R12,N117;1402;59.3513;110;4.6567;DIN21-11
J 1404;R9,N117;1403;59.3937;80;3.3867;DIN21-09
J 1405;R1,N118;1404;59.436;0;0;DIN22-57
J 1406;R5,N118;1405;59.4783;40;1.6933;DIN22-59
J 1407;R2,N118;1406;59.5207;10;0.4233;DIN21-04
J 1408;R4,N118;1407;59.563;30;1.27;DIN21-03
J 1409;R6,N118;1408;59.6053;50;2.1167;DIN21-02
J 1410;R3,N118;1409;59.6477;20;0.8467;DIN22-58
J 1411;R7,N118;1410;59.69;60;2.54;DIN22-60
J 1412;R11,N118;1411;59.7323;100;4.2333;DIN22-62
J 1413;R8,N118;1412;59.7747;70;2.9633;DIN21-01
J 1414;R10,N118;1413;59.817;90;3.81;DIN22-64
J 1415;R12,N118;1414;59.8593;110;4.6567;DIN22-63
J 1416;R9,N118;1415;59.9017;80;3.3867;DIN22-61
J 1417;R1,N119;1416;59.944;0;0;DIN22-45
J 1418;R5,N119;1417;59.9863;40;1.6933;DIN22-47
J 1419;R2,N119;1418;60.0287;10;0.4233;DIN22-56
J 1420;R4,N119;1419;60.071;30;1.27;DIN22-55
J 1421;R6,N119;1420;60.1133;50;2.1167;DIN22-54
J 1422;R3,N119;1421;60.1557;20;0.8467;DIN22-46
J 1423;R7,N119;1422;60.198;60;2.54;DIN22-48
J 1424;R11,N119;1423;60.2403;100;4.2333;DIN22-50
J 1425;R8,N119;1424;60.2827;70;2.9633;DIN22-53
J 1426;R10,N119;1425;60.325;90;3.81;DIN22-52
J 1427;R12,N119;1426;60.3673;110;4.6567;DIN22-51
J 1428;R9,N119;1427;60.4097;80;3.3867;DIN22-49
J 1429;R1,N120;1428;60.452;0;0;DIN22-33
J 1430;R5,N120;1429;60.4943;40;1.6933;DIN22-35
J 1431;R2,N120;1430;60.5367;10;0.4233;DIN22-44
J 1432;R4,N120;1431;60.579;30;1.27;DIN22-43
J 1433;R6,N120;1432;60.6213;50;2.1167;DIN22-42
J 1434;R3,N120;1433;60.6637;20;0.8467;DIN22-34
J 1435;R7,N120;1434;60.706;60;2.54;DIN22-36
J 1436;R11,N120;1435;60.7483;100;4.2333;DIN22-38
J 1437;R8,N120;1436;60.7907;70;2.9633;DIN22-41
J 1438;R10,N120;1437;60.833;90;3.81;DIN22-40
J 1439;R12,N120;1438;60.8753;110;4.6567;DIN22-39
J 1440;R9,N120;1439;60.9177;80;3.3867;DIN22-37
J 1441;R1,N121;1440;60.96;0;0;DIN22-21
J 1442;R5,N121;1441;61.0023;40;1.6933;DIN22-23
J 1443;R2,N121;1442;61.0447;10;0.4233;DIN22-32
J 1444;R4,N121;1443;61.087;30;1.27;DIN22-31
J 1445;R6,N121;1444;61.1293;50;2.1167;DIN22-30
J 1446;R3,N121;1445;61.1717;20;0.8467;DIN22-22
J 1447;R7,N121;1446;61.214;60;2.54;DIN22-24
J 1448;R11,N121;1447;61.2563;100;4.2333;DIN22-26
J 1449;R8,N121;1448;61.2987;70;2.9633;DIN22-29
J 1450;R10,N121;1449;61.341;90;3.81;DIN22-28
J 1451;R12,N121;1450;61.3833;110;4.6567;DIN22-27
J 1452;R9,N121;1451;61.4257;80;3.3867;DIN22-25
J 1453;R1,N122;1452;61.468;0;0;DIN22-09
J 1454;R5,N122;1453;61.5103;40;1.6933;DIN22-11
J 1455;R2,N122;1454;61.5527;10;0.4233;DIN22-20
J 1456;R4,N122;1455;61.595;30;1.27;DIN22-19
J 1457;R6,N122;1456;61.6373;50;2.1167;DIN22-18
J 1458;R3,N122;1457;61.6797;20;0.8467;DIN22-10
J 1459;R7,N122;1458;61.722;60;2.54;DIN22-12
J 1460;R11,N122;1459;61.7643;100;4.2333;DIN22-14
J 1461;R8,N122;1460;61.8067;70;2.9633;DIN22-17
J 1462;R10,N122;1461;61.849;90;3.81;DIN22-16
J 1463;R12,N122;1462;61.8913;110;4.6567;DIN22-15
J 1464;R9,N122;1463;61.9337;80;3.3867;DIN22-13
J 1465;R1,N123;1464;61.976;0;0;DIN23-61
J 1466;R5,N123;1465;62.0183;40;1.6933;DIN23-63
J 1467;R2,N123;1466;62.0607;10;0.4233;DIN22-08
J 1468;R4,N123;1467;62.103;30;1.27;DIN22-07
J 1469;R6,N123;1468;62.1453;50;2.1167;DIN22-06
J 1470;R3,N123;1469;62.1877;20;0.8467;DIN23-62
J 1471;R7,N123;1470;62.23;60;2.54;DIN23-64
J 1472;R11,N123;1471;62.2723;100;4.2333;DIN22-02
J 1473;R8,N123;1472;62.3147;70;2.9633;DIN22-05
J 1474;R10,N123;1473;62.357;90;3.81;DIN22-04
J 1475;R12,N123;1474;62.3993;110;4.6567;DIN22-03
J 1476;R9,N123;1475;62.4417;80;3.3867;DIN22-01
J 1477;R1,N124;1476;62.484;0;0;DIN23-49
J 1478;R5,N124;1477;62.5263;40;1.6933;DIN23-51
J 1479;R2,N124;1478;62.5687;10;0.4233;DIN23-60
J 1480;R4,N124;1479;62.611;30;1.27;DIN23-59
J 1481;R6,N124;1480;62.6533;50;2.1167;DIN23-58
J 1482;R3,N124;1481;62.6957;20;0.8467;DIN23-50
J 1483;R7,N124;1482;62.738;60;2.54;DIN23-52
J 1484;R11,N124;1483;62.7803;100;4.2333;DIN23-54
J 1485;R8,N124;1484;62.8227;70;2.9633;DIN23-57
J 1486;R10,N124;1485;62.865;90;3.81;DIN23-56
J 1487;R12,N124;1486;62.9073;110;4.6567;DIN23-55
J 1488;R9,N124;1487;62.9497;80;3.3867;DIN23-53
J 1489;R1,N125;1488;62.992;0;0;DIN23-37
J 1490;R5,N125;1489;63.0343;40;1.6933;DIN23-39
J 1491;R2,N125;1490;63.0767;10;0.4233;DIN23-48
J 1492;R4,N125;1491;63.119;30;1.27;DIN23-47
J 1493;R6,N125;1492;63.1613;50;2.1167;DIN23-46
J 1494;R3,N125;1493;63.2037;20;0.8467;DIN23-38
J 1495;R7,N125;1494;63.246;60;2.54;DIN23-40
J 1496;R11,N125;1495;63.2883;100;4.2333;DIN23-42
J 1497;R8,N125;1496;63.3307;70;2.9633;DIN23-45
J 1498;R10,N125;1497;63.373;90;3.81;DIN23-44
J 1499;R12,N125;1498;63.4153;110;4.6567;DIN23-43
J 1500;R9,N125;1499;63.4577;80;3.3867;DIN23-41
J 1501;R1,N126;1500;63.5;0;0;DIN23-25
J 1502;R5,N126;1501;63.5423;40;1.6933;DIN23-27
J 1503;R2,N126;1502;63.5847;10;0.4233;DIN23-36
J 1504;R4,N126;1503;63.627;30;1.27;DIN23-35
J 1505;R6,N126;1504;63.6693;50;2.1167;DIN23-34
J 1506;R3,N126;1505;63.7117;20;0.8467;DIN23-26
J 1507;R7,N126;1506;63.754;60;2.54;DIN23-28
J 1508;R11,N126;1507;63.7963;100;4.2333;DIN23-30
J 1509;R8,N126;1508;63.8387;70;2.9633;DIN23-33
J 1510;R10,N126;1509;63.881;90;3.81;DIN23-32
J 1511;R12,N126;1510;63.9233;110;4.6567;DIN23-31
J 1512;R9,N126;1511;63.9657;80;3.3867;DIN23-29
J 1513;R1,N127;1512;64.008;0;0;DIN23-13
J 1514;R5,N127;1513;64.0503;40;1.6933;DIN23-15
J 1515;R2,N127;1514;64.0927;10;0.4233;DIN23-24
J 1516;R4,N127;1515;64.135;30;1.27;DIN23-23
J 1517;R6,N127;1516;64.1773;50;2.1167;DIN23-22
J 1518;R3,N127;1517;64.2197;20;0.8467;DIN23-14
J 1519;R7,N127;1518;64.262;60;2.54;DIN23-16
J 1520;R11,N127;1519;64.3043;100;4.2333;DIN23-18
J 1521;R8,N127;1520;64.3467;70;2.9633;DIN23-21
J 1522;R10,N127;1521;64.389;90;3.81;DIN23-20
J 1523;R12,N127;1522;64.4313;110;4.6567;DIN23-19
J 1524;R9,N127;1523;64.4737;80;3.3867;DIN23-17
J 1525;R1,N128;1524;64.516;0;0;DIN23-01
J 1526;R5,N128;1525;64.5583;40;1.6933;DIN23-03
J 1527;R2,N128;1526;64.6007;10;0.4233;DIN23-12
J 1528;R4,N128;1527;64.643;30;1.27;DIN23-11
J 1529;R6,N128;1528;64.6853;50;2.1167;DIN23-10
J 1530;R3,N128;1529;64.7277;20;0.8467;DIN23-02
J 1531;R7,N128;1530;64.77;60;2.54;DIN23-04
J 1532;R11,N128;1531;64.8123;100;4.2333;DIN23-06
J 1533;R8,N128;1532;64.8547;70;2.9633;DIN23-09
J 1534;R10,N128;1533;64.897;90;3.81;DIN23-08
J 1535;R12,N128;1534;64.9393;110;4.6567;DIN23-07
J 1536;R9,N128;1535;64.9817;80;3.3867;DIN23-05
